item_id,task_type,perturbation_type,similarity,retention_probability,is_correct_simulated,similarity_metric
code_generation_102,code_generation,context_injection,0.97937,0.881946164041846,1,sentence-transformers/all-MiniLM-L6-v2
code_generation_102,code_generation,formatting_changes,0.989342,0.8864565521064245,1,sentence-transformers/all-MiniLM-L6-v2
code_generation_102,code_generation,paraphrasing,0.973091,0.878885837175936,1,sentence-transformers/all-MiniLM-L6-v2
code_generation_102,code_generation,reordering,0.986123,0.8850459221548568,1,sentence-transformers/all-MiniLM-L6-v2
code_generation_102,code_generation,surface_noise,0.980755,0.8825977685584316,1,sentence-transformers/all-MiniLM-L6-v2
code_generation_104,code_generation,context_injection,0.92053,0.8453254556545344,1,sentence-transformers/all-MiniLM-L6-v2
code_generation_104,code_generation,formatting_changes,0.869755,0.7959409259744987,1,sentence-transformers/all-MiniLM-L6-v2
code_generation_104,code_generation,paraphrasing,0.918932,0.8440505910130047,1,sentence-transformers/all-MiniLM-L6-v2
code_generation_104,code_generation,reordering,0.635051,0.3767495802168044,1,sentence-transformers/all-MiniLM-L6-v2
code_generation_104,code_generation,surface_noise,0.906927,0.8339262108725718,1,sentence-transformers/all-MiniLM-L6-v2
code_generation_107,code_generation,context_injection,0.785131,0.6683904330014943,1,sentence-transformers/all-MiniLM-L6-v2
code_generation_107,code_generation,formatting_changes,0.966641,0.8755542220198542,1,sentence-transformers/all-MiniLM-L6-v2
code_generation_107,code_generation,paraphrasing,0.974111,0.8793950218739974,1,sentence-transformers/all-MiniLM-L6-v2
code_generation_107,code_generation,reordering,0.896993,0.8247884819305855,0,sentence-transformers/all-MiniLM-L6-v2
code_generation_107,code_generation,surface_noise,0.975675,0.8801666100143561,0,sentence-transformers/all-MiniLM-L6-v2
code_generation_109,code_generation,context_injection,0.92065,0.845420516732174,1,sentence-transformers/all-MiniLM-L6-v2
code_generation_109,code_generation,formatting_changes,0.923023,0.8472811727253775,0,sentence-transformers/all-MiniLM-L6-v2
code_generation_109,code_generation,paraphrasing,0.906481,0.8335310171852703,0,sentence-transformers/all-MiniLM-L6-v2
code_generation_109,code_generation,reordering,0.914832,0.8407025234348757,1,sentence-transformers/all-MiniLM-L6-v2
code_generation_109,code_generation,surface_noise,0.926077,0.8496226357118439,1,sentence-transformers/all-MiniLM-L6-v2
code_generation_11,code_generation,context_injection,0.932651,0.8544645207868444,1,sentence-transformers/all-MiniLM-L6-v2
code_generation_11,code_generation,formatting_changes,0.924443,0.8483772567668606,1,sentence-transformers/all-MiniLM-L6-v2
code_generation_11,code_generation,paraphrasing,0.897963,0.8257120770542006,1,sentence-transformers/all-MiniLM-L6-v2
code_generation_11,code_generation,reordering,0.91582,0.8415195657732923,1,sentence-transformers/all-MiniLM-L6-v2
code_generation_11,code_generation,surface_noise,0.94385,0.8621150422575738,1,sentence-transformers/all-MiniLM-L6-v2
code_generation_110,code_generation,context_injection,0.961524,0.8727694264053321,0,sentence-transformers/all-MiniLM-L6-v2
code_generation_110,code_generation,formatting_changes,0.961581,0.8728011576080783,1,sentence-transformers/all-MiniLM-L6-v2
code_generation_110,code_generation,paraphrasing,0.860805,0.7851842064215762,0,sentence-transformers/all-MiniLM-L6-v2
code_generation_110,code_generation,reordering,0.792057,0.6808795254297584,1,sentence-transformers/all-MiniLM-L6-v2
code_generation_110,code_generation,surface_noise,0.919857,0.8447905811147722,1,sentence-transformers/all-MiniLM-L6-v2
code_generation_112,code_generation,context_injection,0.986476,0.8852026842182934,1,sentence-transformers/all-MiniLM-L6-v2
code_generation_112,code_generation,formatting_changes,0.984279,0.8842186254539963,1,sentence-transformers/all-MiniLM-L6-v2
code_generation_112,code_generation,paraphrasing,0.945343,0.8630803523900756,1,sentence-transformers/all-MiniLM-L6-v2
code_generation_112,code_generation,reordering,0.920965,0.84566960615744,1,sentence-transformers/all-MiniLM-L6-v2
code_generation_112,code_generation,surface_noise,0.98047,0.8824643627259268,1,sentence-transformers/all-MiniLM-L6-v2
code_generation_117,code_generation,context_injection,0.855873,0.778977481408994,1,sentence-transformers/all-MiniLM-L6-v2
code_generation_117,code_generation,formatting_changes,0.885516,0.8133294873276389,1,sentence-transformers/all-MiniLM-L6-v2
code_generation_117,code_generation,paraphrasing,0.847733,0.76829557652297,1,sentence-transformers/all-MiniLM-L6-v2
code_generation_117,code_generation,reordering,0.895295,0.8231550987501897,1,sentence-transformers/all-MiniLM-L6-v2
code_generation_117,code_generation,surface_noise,0.906664,0.8336933392852897,1,sentence-transformers/all-MiniLM-L6-v2
code_generation_12,code_generation,context_injection,1.0,0.8908352069115921,1,sentence-transformers/all-MiniLM-L6-v2
code_generation_12,code_generation,formatting_changes,1.0,0.8908352069115921,1,sentence-transformers/all-MiniLM-L6-v2
code_generation_12,code_generation,paraphrasing,1.0,0.8908352069115921,1,sentence-transformers/all-MiniLM-L6-v2
code_generation_12,code_generation,reordering,1.0,0.8908352069115921,1,sentence-transformers/all-MiniLM-L6-v2
code_generation_12,code_generation,surface_noise,1.0,0.8908352069115921,1,sentence-transformers/all-MiniLM-L6-v2
code_generation_122,code_generation,context_injection,0.810276,0.7121399568949591,1,sentence-transformers/all-MiniLM-L6-v2
code_generation_122,code_generation,formatting_changes,0.871708,0.7982022268622966,1,sentence-transformers/all-MiniLM-L6-v2
code_generation_122,code_generation,paraphrasing,0.805304,0.7038494546602689,0,sentence-transformers/all-MiniLM-L6-v2
code_generation_122,code_generation,reordering,0.920235,0.8450913649001788,1,sentence-transformers/all-MiniLM-L6-v2
code_generation_122,code_generation,surface_noise,0.902753,0.8301728267889836,1,sentence-transformers/all-MiniLM-L6-v2
code_generation_128,code_generation,context_injection,0.959215,0.8714703327310152,1,sentence-transformers/all-MiniLM-L6-v2
code_generation_128,code_generation,formatting_changes,0.974499,0.8795874695506678,1,sentence-transformers/all-MiniLM-L6-v2
code_generation_128,code_generation,paraphrasing,0.830941,0.7445303486810884,1,sentence-transformers/all-MiniLM-L6-v2
code_generation_128,code_generation,reordering,0.815532,0.7206986143920888,1,sentence-transformers/all-MiniLM-L6-v2
code_generation_128,code_generation,surface_noise,0.969942,0.8772836543063027,1,sentence-transformers/all-MiniLM-L6-v2
code_generation_13,code_generation,context_injection,0.989488,0.8865195348816188,0,sentence-transformers/all-MiniLM-L6-v2
code_generation_13,code_generation,formatting_changes,0.990748,0.8870595330660851,1,sentence-transformers/all-MiniLM-L6-v2
code_generation_13,code_generation,paraphrasing,0.902724,0.830146316775948,0,sentence-transformers/all-MiniLM-L6-v2
code_generation_13,code_generation,reordering,0.985509,0.8847720262903396,1,sentence-transformers/all-MiniLM-L6-v2
code_generation_13,code_generation,surface_noise,0.987098,0.8854776566410196,1,sentence-transformers/all-MiniLM-L6-v2
code_generation_131,code_generation,context_injection,0.980302,0.8823855591046517,0,sentence-transformers/all-MiniLM-L6-v2
code_generation_131,code_generation,formatting_changes,0.976656,0.880644970975264,1,sentence-transformers/all-MiniLM-L6-v2
code_generation_131,code_generation,paraphrasing,0.932331,0.8542349888712981,1,sentence-transformers/all-MiniLM-L6-v2
code_generation_131,code_generation,reordering,0.962292,0.8731956032931405,1,sentence-transformers/all-MiniLM-L6-v2
code_generation_131,code_generation,surface_noise,0.80794,0.708268049448421,1,sentence-transformers/all-MiniLM-L6-v2
code_generation_135,code_generation,context_injection,0.91575,0.8414618933970524,1,sentence-transformers/all-MiniLM-L6-v2
code_generation_135,code_generation,formatting_changes,0.925768,0.8493884231952291,1,sentence-transformers/all-MiniLM-L6-v2
code_generation_135,code_generation,paraphrasing,0.892832,0.8207479655092655,1,sentence-transformers/all-MiniLM-L6-v2
code_generation_135,code_generation,reordering,0.874485,0.8013651370201083,1,sentence-transformers/all-MiniLM-L6-v2
code_generation_135,code_generation,surface_noise,0.905144,0.8323379488584159,1,sentence-transformers/all-MiniLM-L6-v2
code_generation_138,code_generation,context_injection,0.945761,0.8633483763318139,0,sentence-transformers/all-MiniLM-L6-v2
code_generation_138,code_generation,formatting_changes,0.962501,0.8733110739419385,1,sentence-transformers/all-MiniLM-L6-v2
code_generation_138,code_generation,paraphrasing,0.933888,0.8553459759248487,1,sentence-transformers/all-MiniLM-L6-v2
code_generation_138,code_generation,reordering,0.939196,0.8590246719651444,1,sentence-transformers/all-MiniLM-L6-v2
code_generation_138,code_generation,surface_noise,0.957981,0.8707649964667683,1,sentence-transformers/all-MiniLM-L6-v2
code_generation_142,code_generation,context_injection,0.817946,0.7245573501996934,0,sentence-transformers/all-MiniLM-L6-v2
code_generation_142,code_generation,formatting_changes,0.874275,0.8011280989981111,1,sentence-transformers/all-MiniLM-L6-v2
code_generation_142,code_generation,paraphrasing,0.730291,0.5610503445151145,1,sentence-transformers/all-MiniLM-L6-v2
code_generation_142,code_generation,reordering,0.855446,0.7784307227971334,1,sentence-transformers/all-MiniLM-L6-v2
code_generation_142,code_generation,surface_noise,0.878902,0.8062700502394384,1,sentence-transformers/all-MiniLM-L6-v2
code_generation_143,code_generation,context_injection,0.865774,0.7912364659546784,0,sentence-transformers/all-MiniLM-L6-v2
code_generation_143,code_generation,formatting_changes,0.91364,0.8397080433774273,1,sentence-transformers/all-MiniLM-L6-v2
code_generation_143,code_generation,paraphrasing,0.816117,0.7216379278788345,1,sentence-transformers/all-MiniLM-L6-v2
code_generation_143,code_generation,reordering,0.869027,0.795090172663993,1,sentence-transformers/all-MiniLM-L6-v2
code_generation_143,code_generation,surface_noise,0.918425,0.8436426120107365,1,sentence-transformers/all-MiniLM-L6-v2
code_generation_145,code_generation,context_injection,0.815658,0.7209011544883559,1,sentence-transformers/all-MiniLM-L6-v2
code_generation_145,code_generation,formatting_changes,0.920923,0.8456364315189182,1,sentence-transformers/all-MiniLM-L6-v2
code_generation_145,code_generation,paraphrasing,0.900483,0.8280795053087935,1,sentence-transformers/all-MiniLM-L6-v2
code_generation_145,code_generation,reordering,0.823202,0.7327993174802887,0,sentence-transformers/all-MiniLM-L6-v2
code_generation_145,code_generation,surface_noise,0.88543,0.8132398640187168,1,sentence-transformers/all-MiniLM-L6-v2
code_generation_146,code_generation,context_injection,0.607027,0.33247030973319425,0,sentence-transformers/all-MiniLM-L6-v2
code_generation_146,code_generation,formatting_changes,0.956824,0.8700965941988452,1,sentence-transformers/all-MiniLM-L6-v2
code_generation_146,code_generation,paraphrasing,0.714945,0.5296523166951739,0,sentence-transformers/all-MiniLM-L6-v2
code_generation_146,code_generation,reordering,0.604867,0.3293191614241828,0,sentence-transformers/all-MiniLM-L6-v2
code_generation_146,code_generation,surface_noise,0.608243,0.3342611296017963,0,sentence-transformers/all-MiniLM-L6-v2
code_generation_15,code_generation,context_injection,1.0,0.8908352069115921,1,sentence-transformers/all-MiniLM-L6-v2
code_generation_15,code_generation,formatting_changes,1.0,0.8908352069115921,1,sentence-transformers/all-MiniLM-L6-v2
code_generation_15,code_generation,paraphrasing,1.0,0.8908352069115921,1,sentence-transformers/all-MiniLM-L6-v2
code_generation_15,code_generation,reordering,1.0,0.8908352069115921,1,sentence-transformers/all-MiniLM-L6-v2
code_generation_15,code_generation,surface_noise,1.0,0.8908352069115921,1,sentence-transformers/all-MiniLM-L6-v2
code_generation_153,code_generation,context_injection,0.982866,0.8835750552493784,1,sentence-transformers/all-MiniLM-L6-v2
code_generation_153,code_generation,formatting_changes,0.988762,0.8862054978095648,0,sentence-transformers/all-MiniLM-L6-v2
code_generation_153,code_generation,paraphrasing,0.988602,0.8861360022285962,1,sentence-transformers/all-MiniLM-L6-v2
code_generation_153,code_generation,reordering,0.99053,0.8869665587743061,1,sentence-transformers/all-MiniLM-L6-v2
code_generation_153,code_generation,surface_noise,0.982147,0.8832443324909103,1,sentence-transformers/all-MiniLM-L6-v2
code_generation_157,code_generation,context_injection,0.933632,0.8551643147857169,1,sentence-transformers/all-MiniLM-L6-v2
code_generation_157,code_generation,formatting_changes,0.945426,0.8631336500490501,1,sentence-transformers/all-MiniLM-L6-v2
code_generation_157,code_generation,paraphrasing,0.880524,0.8080327360010673,1,sentence-transformers/all-MiniLM-L6-v2
code_generation_157,code_generation,reordering,0.922455,0.8468391184113548,1,sentence-transformers/all-MiniLM-L6-v2
code_generation_157,code_generation,surface_noise,0.939768,0.8594112103673168,1,sentence-transformers/all-MiniLM-L6-v2
code_generation_17,code_generation,context_injection,0.809776,0.7113146998821747,0,sentence-transformers/all-MiniLM-L6-v2
code_generation_17,code_generation,formatting_changes,0.733537,0.5676704368783695,1,sentence-transformers/all-MiniLM-L6-v2
code_generation_17,code_generation,paraphrasing,0.938878,0.8588089553102431,1,sentence-transformers/all-MiniLM-L6-v2
code_generation_17,code_generation,reordering,0.54934,0.261412284991687,0,sentence-transformers/all-MiniLM-L6-v2
code_generation_17,code_generation,surface_noise,0.92095,0.8456577593884795,1,sentence-transformers/all-MiniLM-L6-v2
code_generation_18,code_generation,context_injection,0.957043,0.8702236394580158,1,sentence-transformers/all-MiniLM-L6-v2
code_generation_18,code_generation,formatting_changes,0.966447,0.8754509670172146,1,sentence-transformers/all-MiniLM-L6-v2
code_generation_18,code_generation,paraphrasing,0.961161,0.8725669681715651,1,sentence-transformers/all-MiniLM-L6-v2
code_generation_18,code_generation,reordering,0.985435,0.8847389104849737,1,sentence-transformers/all-MiniLM-L6-v2
code_generation_18,code_generation,surface_noise,0.983112,0.8836877053723093,1,sentence-transformers/all-MiniLM-L6-v2
code_generation_24,code_generation,context_injection,0.952204,0.8673581705873488,1,sentence-transformers/all-MiniLM-L6-v2
code_generation_24,code_generation,formatting_changes,0.937645,0.8579669584772491,1,sentence-transformers/all-MiniLM-L6-v2
code_generation_24,code_generation,paraphrasing,0.927172,0.8504477689359435,1,sentence-transformers/all-MiniLM-L6-v2
code_generation_24,code_generation,reordering,0.895682,0.8235292384883395,1,sentence-transformers/all-MiniLM-L6-v2
code_generation_24,code_generation,surface_noise,0.935868,0.8567377371119886,1,sentence-transformers/all-MiniLM-L6-v2
code_generation_25,code_generation,context_injection,0.975994,0.880322634744563,1,sentence-transformers/all-MiniLM-L6-v2
code_generation_25,code_generation,formatting_changes,0.983858,0.8840277551545386,1,sentence-transformers/all-MiniLM-L6-v2
code_generation_25,code_generation,paraphrasing,0.983304,0.8837754494283854,1,sentence-transformers/all-MiniLM-L6-v2
code_generation_25,code_generation,reordering,0.95776,0.8706378552251406,1,sentence-transformers/all-MiniLM-L6-v2
code_generation_25,code_generation,surface_noise,0.985164,0.8846174406993463,1,sentence-transformers/all-MiniLM-L6-v2
code_generation_26,code_generation,context_injection,0.974034,0.8793567487207605,1,sentence-transformers/all-MiniLM-L6-v2
code_generation_26,code_generation,formatting_changes,0.982866,0.8835750552493784,1,sentence-transformers/all-MiniLM-L6-v2
code_generation_26,code_generation,paraphrasing,0.869068,0.7951381992171498,1,sentence-transformers/all-MiniLM-L6-v2
code_generation_26,code_generation,reordering,0.987626,0.8857098286628786,1,sentence-transformers/all-MiniLM-L6-v2
code_generation_26,code_generation,surface_noise,0.98787,0.8858167354632929,1,sentence-transformers/all-MiniLM-L6-v2
code_generation_28,code_generation,context_injection,0.988579,0.886126003717226,1,sentence-transformers/all-MiniLM-L6-v2
code_generation_28,code_generation,formatting_changes,0.965402,0.8748916526589141,1,sentence-transformers/all-MiniLM-L6-v2
code_generation_28,code_generation,paraphrasing,0.948891,0.8653245992369689,1,sentence-transformers/all-MiniLM-L6-v2
code_generation_28,code_generation,reordering,0.988579,0.886126003717226,1,sentence-transformers/all-MiniLM-L6-v2
code_generation_28,code_generation,surface_noise,0.988579,0.886126003717226,1,sentence-transformers/all-MiniLM-L6-v2
code_generation_31,code_generation,context_injection,0.983446,0.8838402432410994,1,sentence-transformers/all-MiniLM-L6-v2
code_generation_31,code_generation,formatting_changes,0.972878,0.878778907786488,1,sentence-transformers/all-MiniLM-L6-v2
code_generation_31,code_generation,paraphrasing,0.965136,0.8747484379444495,0,sentence-transformers/all-MiniLM-L6-v2
code_generation_31,code_generation,reordering,0.983446,0.8838402432410994,1,sentence-transformers/all-MiniLM-L6-v2
code_generation_31,code_generation,surface_noise,0.983446,0.8838402432410994,1,sentence-transformers/all-MiniLM-L6-v2
code_generation_32,code_generation,context_injection,0.894826,0.8227002021618228,1,sentence-transformers/all-MiniLM-L6-v2
code_generation_32,code_generation,formatting_changes,0.863438,0.7884162401168378,1,sentence-transformers/all-MiniLM-L6-v2
code_generation_32,code_generation,paraphrasing,0.847774,0.7683507514627479,1,sentence-transformers/all-MiniLM-L6-v2
code_generation_32,code_generation,reordering,0.785447,0.668967006735605,0,sentence-transformers/all-MiniLM-L6-v2
code_generation_32,code_generation,surface_noise,0.856623,0.7799341994049838,1,sentence-transformers/all-MiniLM-L6-v2
code_generation_33,code_generation,context_injection,0.9682,0.8763774452688355,1,sentence-transformers/all-MiniLM-L6-v2
code_generation_33,code_generation,formatting_changes,0.974693,0.8796834377085547,1,sentence-transformers/all-MiniLM-L6-v2
code_generation_33,code_generation,paraphrasing,0.842549,0.7612072541411836,1,sentence-transformers/all-MiniLM-L6-v2
code_generation_33,code_generation,reordering,0.763774,0.6280820354249443,1,sentence-transformers/all-MiniLM-L6-v2
code_generation_33,code_generation,surface_noise,0.980037,0.8822610074445503,1,sentence-transformers/all-MiniLM-L6-v2
code_generation_34,code_generation,context_injection,0.997441,0.8898235420451501,1,sentence-transformers/all-MiniLM-L6-v2
code_generation_34,code_generation,formatting_changes,0.998444,0.8902229759786553,1,sentence-transformers/all-MiniLM-L6-v2
code_generation_34,code_generation,paraphrasing,0.950132,0.866093284832633,1,sentence-transformers/all-MiniLM-L6-v2
code_generation_34,code_generation,reordering,0.997663,0.8899122767436363,1,sentence-transformers/all-MiniLM-L6-v2
code_generation_34,code_generation,surface_noise,0.990787,0.8870761461211172,1,sentence-transformers/all-MiniLM-L6-v2
code_generation_35,code_generation,context_injection,0.876891,0.8040559882784974,1,sentence-transformers/all-MiniLM-L6-v2
code_generation_35,code_generation,formatting_changes,0.99276,0.8879087383979909,1,sentence-transformers/all-MiniLM-L6-v2
code_generation_35,code_generation,paraphrasing,0.970012,0.8773197706546596,0,sentence-transformers/all-MiniLM-L6-v2
code_generation_35,code_generation,reordering,0.884507,0.8122744021165502,1,sentence-transformers/all-MiniLM-L6-v2
code_generation_35,code_generation,surface_noise,0.936421,0.8571222708207826,0,sentence-transformers/all-MiniLM-L6-v2
code_generation_37,code_generation,context_injection,0.883649,0.8113710525935187,0,sentence-transformers/all-MiniLM-L6-v2
code_generation_37,code_generation,formatting_changes,0.875667,0.8026927988062285,1,sentence-transformers/all-MiniLM-L6-v2
code_generation_37,code_generation,paraphrasing,0.807612,0.7077210814117716,1,sentence-transformers/all-MiniLM-L6-v2
code_generation_37,code_generation,reordering,0.883378,0.8110845492397043,1,sentence-transformers/all-MiniLM-L6-v2
code_generation_37,code_generation,surface_noise,0.826362,0.7376479851706492,0,sentence-transformers/all-MiniLM-L6-v2
code_generation_38,code_generation,context_injection,0.934136,0.8555215840376169,1,sentence-transformers/all-MiniLM-L6-v2
code_generation_38,code_generation,formatting_changes,0.902113,0.829586380615144,1,sentence-transformers/all-MiniLM-L6-v2
code_generation_38,code_generation,paraphrasing,0.910136,0.8367287937648173,1,sentence-transformers/all-MiniLM-L6-v2
code_generation_38,code_generation,reordering,0.921757,0.8462930416404231,1,sentence-transformers/all-MiniLM-L6-v2
code_generation_38,code_generation,surface_noise,0.927166,0.8504432681852518,0,sentence-transformers/all-MiniLM-L6-v2
code_generation_40,code_generation,context_injection,0.944593,0.8625969990200428,1,sentence-transformers/all-MiniLM-L6-v2
code_generation_40,code_generation,formatting_changes,0.997099,0.889686479075402,1,sentence-transformers/all-MiniLM-L6-v2
code_generation_40,code_generation,paraphrasing,0.985187,0.884627761809488,1,sentence-transformers/all-MiniLM-L6-v2
code_generation_40,code_generation,reordering,0.951886,0.8671655374858096,1,sentence-transformers/all-MiniLM-L6-v2
code_generation_40,code_generation,surface_noise,0.996336,0.8893790974023696,1,sentence-transformers/all-MiniLM-L6-v2
code_generation_44,code_generation,context_injection,0.953412,0.8680850302229539,1,sentence-transformers/all-MiniLM-L6-v2
code_generation_44,code_generation,formatting_changes,0.931977,0.8539803442135292,1,sentence-transformers/all-MiniLM-L6-v2
code_generation_44,code_generation,paraphrasing,0.943603,0.8619541331929179,0,sentence-transformers/all-MiniLM-L6-v2
code_generation_44,code_generation,reordering,0.891973,0.8198978342240193,1,sentence-transformers/all-MiniLM-L6-v2
code_generation_44,code_generation,surface_noise,0.950988,0.8666186397467606,1,sentence-transformers/all-MiniLM-L6-v2
code_generation_48,code_generation,context_injection,0.999242,0.8905380837158161,1,sentence-transformers/all-MiniLM-L6-v2
code_generation_48,code_generation,formatting_changes,0.998945,0.8904210838285582,1,sentence-transformers/all-MiniLM-L6-v2
code_generation_48,code_generation,paraphrasing,0.997957,0.8900295049965785,0,sentence-transformers/all-MiniLM-L6-v2
code_generation_48,code_generation,reordering,1.0,0.8908352069115921,1,sentence-transformers/all-MiniLM-L6-v2
code_generation_48,code_generation,surface_noise,1.0,0.8908352069115921,1,sentence-transformers/all-MiniLM-L6-v2
code_generation_49,code_generation,context_injection,0.938939,0.8588503805851235,1,sentence-transformers/all-MiniLM-L6-v2
code_generation_49,code_generation,formatting_changes,0.969044,0.8768182919292369,1,sentence-transformers/all-MiniLM-L6-v2
code_generation_49,code_generation,paraphrasing,0.933138,0.854812648363019,1,sentence-transformers/all-MiniLM-L6-v2
code_generation_49,code_generation,reordering,0.937102,0.8575933225255701,1,sentence-transformers/all-MiniLM-L6-v2
code_generation_49,code_generation,surface_noise,0.96335,0.8737779177725657,1,sentence-transformers/all-MiniLM-L6-v2
code_generation_60,code_generation,context_injection,0.990488,0.8869486245316653,1,sentence-transformers/all-MiniLM-L6-v2
code_generation_60,code_generation,formatting_changes,0.99118,0.8872432170895985,1,sentence-transformers/all-MiniLM-L6-v2
code_generation_60,code_generation,paraphrasing,0.895023,0.8228914760831554,0,sentence-transformers/all-MiniLM-L6-v2
code_generation_60,code_generation,reordering,0.967896,0.8762178294219136,1,sentence-transformers/all-MiniLM-L6-v2
code_generation_60,code_generation,surface_noise,0.995124,0.8888862745578974,0,sentence-transformers/all-MiniLM-L6-v2
code_generation_64,code_generation,context_injection,0.977166,0.8808919654096912,1,sentence-transformers/all-MiniLM-L6-v2
code_generation_64,code_generation,formatting_changes,0.980961,0.8826939771196496,1,sentence-transformers/all-MiniLM-L6-v2
code_generation_64,code_generation,paraphrasing,0.953439,0.8681011878735028,1,sentence-transformers/all-MiniLM-L6-v2
code_generation_64,code_generation,reordering,0.961796,0.8729206997239232,1,sentence-transformers/all-MiniLM-L6-v2
code_generation_64,code_generation,surface_noise,0.980523,0.8824891980753244,1,sentence-transformers/all-MiniLM-L6-v2
code_generation_68,code_generation,context_injection,1.0,0.8908352069115921,1,sentence-transformers/all-MiniLM-L6-v2
code_generation_68,code_generation,formatting_changes,1.0,0.8908352069115921,1,sentence-transformers/all-MiniLM-L6-v2
code_generation_68,code_generation,paraphrasing,1.0,0.8908352069115921,1,sentence-transformers/all-MiniLM-L6-v2
code_generation_68,code_generation,reordering,1.0,0.8908352069115921,1,sentence-transformers/all-MiniLM-L6-v2
code_generation_68,code_generation,surface_noise,1.0,0.8908352069115921,1,sentence-transformers/all-MiniLM-L6-v2
code_generation_7,code_generation,context_injection,1.0,0.8908352069115921,0,sentence-transformers/all-MiniLM-L6-v2
code_generation_7,code_generation,formatting_changes,0.998061,0.89007089579315,1,sentence-transformers/all-MiniLM-L6-v2
code_generation_7,code_generation,paraphrasing,0.991205,0.8872538242652301,1,sentence-transformers/all-MiniLM-L6-v2
code_generation_7,code_generation,reordering,0.990272,0.8868562800705417,1,sentence-transformers/all-MiniLM-L6-v2
code_generation_7,code_generation,surface_noise,0.990203,0.8868267418664237,0,sentence-transformers/all-MiniLM-L6-v2
code_generation_71,code_generation,context_injection,0.985206,0.8846362862828188,1,sentence-transformers/all-MiniLM-L6-v2
code_generation_71,code_generation,formatting_changes,0.97932,0.8819224845783524,1,sentence-transformers/all-MiniLM-L6-v2
code_generation_71,code_generation,paraphrasing,0.985272,0.8846658859366858,0,sentence-transformers/all-MiniLM-L6-v2
code_generation_71,code_generation,reordering,0.953493,0.8681334916156993,1,sentence-transformers/all-MiniLM-L6-v2
code_generation_71,code_generation,surface_noise,0.984728,0.8844213712383828,1,sentence-transformers/all-MiniLM-L6-v2
code_generation_75,code_generation,context_injection,0.860724,0.7850838808989913,1,sentence-transformers/all-MiniLM-L6-v2
code_generation_75,code_generation,formatting_changes,0.926843,0.8502006444291244,1,sentence-transformers/all-MiniLM-L6-v2
code_generation_75,code_generation,paraphrasing,0.908834,0.835600307494621,1,sentence-transformers/all-MiniLM-L6-v2
code_generation_75,code_generation,reordering,0.91557,0.8413134424725905,0,sentence-transformers/all-MiniLM-L6-v2
code_generation_75,code_generation,surface_noise,0.854441,0.7771379313562514,1,sentence-transformers/all-MiniLM-L6-v2
code_generation_78,code_generation,context_injection,0.889014,0.8169270032081917,1,sentence-transformers/all-MiniLM-L6-v2
code_generation_78,code_generation,formatting_changes,0.921977,0.8464654971331917,1,sentence-transformers/all-MiniLM-L6-v2
code_generation_78,code_generation,paraphrasing,0.865677,0.791120240178909,0,sentence-transformers/all-MiniLM-L6-v2
code_generation_78,code_generation,reordering,0.943363,0.861797453956971,1,sentence-transformers/all-MiniLM-L6-v2
code_generation_78,code_generation,surface_noise,0.926402,0.8498683256396959,1,sentence-transformers/all-MiniLM-L6-v2
code_generation_82,code_generation,context_injection,0.948791,0.8652622936229313,1,sentence-transformers/all-MiniLM-L6-v2
code_generation_82,code_generation,formatting_changes,0.9151,0.8409247973747904,1,sentence-transformers/all-MiniLM-L6-v2
code_generation_82,code_generation,paraphrasing,0.917232,0.8426759210375976,1,sentence-transformers/all-MiniLM-L6-v2
code_generation_82,code_generation,reordering,0.86792,0.7937883390964457,1,sentence-transformers/all-MiniLM-L6-v2
code_generation_82,code_generation,surface_noise,0.941138,0.8603293121203162,1,sentence-transformers/all-MiniLM-L6-v2
code_generation_83,code_generation,context_injection,0.870081,0.7963205147569867,1,sentence-transformers/all-MiniLM-L6-v2
code_generation_83,code_generation,formatting_changes,0.886097,0.8139334811152501,1,sentence-transformers/all-MiniLM-L6-v2
code_generation_83,code_generation,paraphrasing,0.871094,0.7974945940098874,1,sentence-transformers/all-MiniLM-L6-v2
code_generation_83,code_generation,reordering,0.958337,0.8709692776798863,1,sentence-transformers/all-MiniLM-L6-v2
code_generation_83,code_generation,surface_noise,0.903213,0.830592527861677,0,sentence-transformers/all-MiniLM-L6-v2
code_generation_85,code_generation,context_injection,0.863243,0.7881788132749186,1,sentence-transformers/all-MiniLM-L6-v2
code_generation_85,code_generation,formatting_changes,0.944757,0.8627029615861359,1,sentence-transformers/all-MiniLM-L6-v2
code_generation_85,code_generation,paraphrasing,0.934477,0.8557624418769134,1,sentence-transformers/all-MiniLM-L6-v2
code_generation_85,code_generation,reordering,0.932215,0.8541516299515279,1,sentence-transformers/all-MiniLM-L6-v2
code_generation_85,code_generation,surface_noise,0.947149,0.8642314012837284,1,sentence-transformers/all-MiniLM-L6-v2
code_generation_92,code_generation,context_injection,0.974436,0.879556267999372,1,sentence-transformers/all-MiniLM-L6-v2
code_generation_92,code_generation,formatting_changes,0.99016,0.8868083243720433,0,sentence-transformers/all-MiniLM-L6-v2
code_generation_92,code_generation,paraphrasing,0.943601,0.8619528288787166,1,sentence-transformers/all-MiniLM-L6-v2
code_generation_92,code_generation,reordering,0.967854,0.87619574267389,1,sentence-transformers/all-MiniLM-L6-v2
code_generation_92,code_generation,surface_noise,0.982285,0.8833079797706758,1,sentence-transformers/all-MiniLM-L6-v2
factual_qa_10038,factual_qa,context_injection,1.0,0.9608352069115922,1,sentence-transformers/all-MiniLM-L6-v2
factual_qa_10038,factual_qa,formatting_changes,0.942643,0.9313254574339032,1,sentence-transformers/all-MiniLM-L6-v2
factual_qa_10038,factual_qa,paraphrasing,0.667234,0.5046429911875838,0,sentence-transformers/all-MiniLM-L6-v2
factual_qa_10038,factual_qa,reordering,0.864192,0.8593313800026183,1,sentence-transformers/all-MiniLM-L6-v2
factual_qa_10038,factual_qa,surface_noise,1.0,0.9608352069115922,1,sentence-transformers/all-MiniLM-L6-v2
factual_qa_10197,factual_qa,context_injection,1.0,0.9608352069115922,1,sentence-transformers/all-MiniLM-L6-v2
factual_qa_10197,factual_qa,formatting_changes,1.0,0.9608352069115922,1,sentence-transformers/all-MiniLM-L6-v2
factual_qa_10197,factual_qa,paraphrasing,0.736839,0.6443883130036019,1,sentence-transformers/all-MiniLM-L6-v2
factual_qa_10197,factual_qa,reordering,0.980597,0.9525238535487339,1,sentence-transformers/all-MiniLM-L6-v2
factual_qa_10197,factual_qa,surface_noise,1.0,0.9608352069115922,1,sentence-transformers/all-MiniLM-L6-v2
factual_qa_10550,factual_qa,context_injection,0.919328,0.914368073618518,1,sentence-transformers/all-MiniLM-L6-v2
factual_qa_10550,factual_qa,formatting_changes,0.946573,0.9338662552478836,1,sentence-transformers/all-MiniLM-L6-v2
factual_qa_10550,factual_qa,paraphrasing,0.722904,0.6159454793503756,0,sentence-transformers/all-MiniLM-L6-v2
factual_qa_10550,factual_qa,reordering,0.93398,0.9254111640255083,1,sentence-transformers/all-MiniLM-L6-v2
factual_qa_10550,factual_qa,surface_noise,0.962452,0.9432840213050135,1,sentence-transformers/all-MiniLM-L6-v2
factual_qa_10779,factual_qa,context_injection,0.992927,0.9579785079786411,1,sentence-transformers/all-MiniLM-L6-v2
factual_qa_10779,factual_qa,formatting_changes,0.979119,0.9518271830914824,0,sentence-transformers/all-MiniLM-L6-v2
factual_qa_10779,factual_qa,paraphrasing,0.621463,0.4245049419033816,1,sentence-transformers/all-MiniLM-L6-v2
factual_qa_10779,factual_qa,reordering,0.974422,0.9495493318805108,1,sentence-transformers/all-MiniLM-L6-v2
factual_qa_10779,factual_qa,surface_noise,0.996463,0.9594304137528471,1,sentence-transformers/all-MiniLM-L6-v2
factual_qa_10908,factual_qa,context_injection,0.933701,0.9252133170014236,1,sentence-transformers/all-MiniLM-L6-v2
factual_qa_10908,factual_qa,formatting_changes,0.944039,0.9322379344510701,1,sentence-transformers/all-MiniLM-L6-v2
factual_qa_10908,factual_qa,paraphrasing,0.829367,0.8121838378388246,1,sentence-transformers/all-MiniLM-L6-v2
factual_qa_10908,factual_qa,reordering,0.933192,0.9248511613805128,1,sentence-transformers/all-MiniLM-L6-v2
factual_qa_10908,factual_qa,surface_noise,0.909082,0.9058161611179281,1,sentence-transformers/all-MiniLM-L6-v2
factual_qa_11075,factual_qa,context_injection,1.0,0.9608352069115922,1,sentence-transformers/all-MiniLM-L6-v2
factual_qa_11075,factual_qa,formatting_changes,1.0,0.9608352069115922,1,sentence-transformers/all-MiniLM-L6-v2
factual_qa_11075,factual_qa,paraphrasing,0.653685,0.47945250013182156,0,sentence-transformers/all-MiniLM-L6-v2
factual_qa_11075,factual_qa,reordering,1.0,0.9608352069115922,1,sentence-transformers/all-MiniLM-L6-v2
factual_qa_11075,factual_qa,surface_noise,1.0,0.9608352069115922,1,sentence-transformers/all-MiniLM-L6-v2
factual_qa_11262,factual_qa,context_injection,0.988938,0.9562818233364785,1,sentence-transformers/all-MiniLM-L6-v2
factual_qa_11262,factual_qa,formatting_changes,0.988938,0.9562818233364785,1,sentence-transformers/all-MiniLM-L6-v2
factual_qa_11262,factual_qa,paraphrasing,0.905538,0.9026908416667361,1,sentence-transformers/all-MiniLM-L6-v2
factual_qa_11262,factual_qa,reordering,0.985426,0.9547348813354113,1,sentence-transformers/all-MiniLM-L6-v2
factual_qa_11262,factual_qa,surface_noise,0.988938,0.9562818233364785,1,sentence-transformers/all-MiniLM-L6-v2
factual_qa_11313,factual_qa,context_injection,0.989135,0.9563671074721793,0,sentence-transformers/all-MiniLM-L6-v2
factual_qa_11313,factual_qa,formatting_changes,0.989074,0.9563407164360214,1,sentence-transformers/all-MiniLM-L6-v2
factual_qa_11313,factual_qa,paraphrasing,0.764839,0.7001487622985229,1,sentence-transformers/all-MiniLM-L6-v2
factual_qa_11313,factual_qa,reordering,0.964534,0.9444230501039665,1,sentence-transformers/all-MiniLM-L6-v2
factual_qa_11313,factual_qa,surface_noise,0.968724,0.9466515430300473,1,sentence-transformers/all-MiniLM-L6-v2
factual_qa_11559,factual_qa,context_injection,0.959634,0.9417080667569924,1,sentence-transformers/all-MiniLM-L6-v2
factual_qa_11559,factual_qa,formatting_changes,0.961804,0.9429251433592778,1,sentence-transformers/all-MiniLM-L6-v2
factual_qa_11559,factual_qa,paraphrasing,0.797223,0.7599852592079606,1,sentence-transformers/all-MiniLM-L6-v2
factual_qa_11559,factual_qa,reordering,0.884537,0.8823058851862184,1,sentence-transformers/all-MiniLM-L6-v2
factual_qa_11559,factual_qa,surface_noise,0.961002,0.9424780806459507,1,sentence-transformers/all-MiniLM-L6-v2
factual_qa_11773,factual_qa,context_injection,0.946785,0.9340008627076555,1,sentence-transformers/all-MiniLM-L6-v2
factual_qa_11773,factual_qa,formatting_changes,0.966631,0.9455489040190912,1,sentence-transformers/all-MiniLM-L6-v2
factual_qa_11773,factual_qa,paraphrasing,0.924241,0.9182221211534141,1,sentence-transformers/all-MiniLM-L6-v2
factual_qa_11773,factual_qa,reordering,0.923191,0.9174115237575942,1,sentence-transformers/all-MiniLM-L6-v2
factual_qa_11773,factual_qa,surface_noise,0.95155,0.9369614135273578,1,sentence-transformers/all-MiniLM-L6-v2
factual_qa_1292,factual_qa,context_injection,0.986613,0.9552633855007258,0,sentence-transformers/all-MiniLM-L6-v2
factual_qa_1292,factual_qa,formatting_changes,0.970549,0.947596072111982,1,sentence-transformers/all-MiniLM-L6-v2
factual_qa_1292,factual_qa,paraphrasing,0.645641,0.46504017061784525,1,sentence-transformers/all-MiniLM-L6-v2
factual_qa_1292,factual_qa,reordering,0.943397,0.9318196699978807,1,sentence-transformers/all-MiniLM-L6-v2
factual_qa_1292,factual_qa,surface_noise,0.971645,0.9481558256990963,1,sentence-transformers/all-MiniLM-L6-v2
factual_qa_1302,factual_qa,context_injection,0.806704,0.776202689675598,1,sentence-transformers/all-MiniLM-L6-v2
factual_qa_1302,factual_qa,formatting_changes,0.958256,0.9409228548828903,1,sentence-transformers/all-MiniLM-L6-v2
factual_qa_1302,factual_qa,paraphrasing,0.843356,0.8323253152116805,1,sentence-transformers/all-MiniLM-L6-v2
factual_qa_1302,factual_qa,reordering,0.805172,0.7736268242984439,1,sentence-transformers/all-MiniLM-L6-v2
factual_qa_1302,factual_qa,surface_noise,0.920106,0.9149888213746655,1,sentence-transformers/all-MiniLM-L6-v2
factual_qa_1601,factual_qa,context_injection,0.999737,0.9607323561795686,1,sentence-transformers/all-MiniLM-L6-v2
factual_qa_1601,factual_qa,formatting_changes,0.999808,0.9607601471443734,1,sentence-transformers/all-MiniLM-L6-v2
factual_qa_1601,factual_qa,paraphrasing,0.518855,0.3041883466402812,0,sentence-transformers/all-MiniLM-L6-v2
factual_qa_1601,factual_qa,reordering,0.958131,0.9408511489911064,1,sentence-transformers/all-MiniLM-L6-v2
factual_qa_1601,factual_qa,surface_noise,0.99988,0.9607883105085264,1,sentence-transformers/all-MiniLM-L6-v2
factual_qa_2022,factual_qa,context_injection,0.987021,0.9554437028363998,1,sentence-transformers/all-MiniLM-L6-v2
factual_qa_2022,factual_qa,formatting_changes,1.0,0.9608352069115922,1,sentence-transformers/all-MiniLM-L6-v2
factual_qa_2022,factual_qa,paraphrasing,0.617956,0.4189976182768583,0,sentence-transformers/all-MiniLM-L6-v2
factual_qa_2022,factual_qa,reordering,1.0,0.9608352069115922,1,sentence-transformers/all-MiniLM-L6-v2
factual_qa_2022,factual_qa,surface_noise,1.0,0.9608352069115922,1,sentence-transformers/all-MiniLM-L6-v2
factual_qa_2289,factual_qa,context_injection,0.951233,0.936768277997009,1,sentence-transformers/all-MiniLM-L6-v2
factual_qa_2289,factual_qa,formatting_changes,0.940844,0.9301332008969121,1,sentence-transformers/all-MiniLM-L6-v2
factual_qa_2289,factual_qa,paraphrasing,0.840424,0.8282374032914674,1,sentence-transformers/all-MiniLM-L6-v2
factual_qa_2289,factual_qa,reordering,0.907426,0.9043667168393461,1,sentence-transformers/all-MiniLM-L6-v2
factual_qa_2289,factual_qa,surface_noise,0.941487,0.9305614662324673,1,sentence-transformers/all-MiniLM-L6-v2
factual_qa_2682,factual_qa,context_injection,0.992903,0.9579684879273143,1,sentence-transformers/all-MiniLM-L6-v2
factual_qa_2682,factual_qa,formatting_changes,0.993623,0.9582681113203255,1,sentence-transformers/all-MiniLM-L6-v2
factual_qa_2682,factual_qa,paraphrasing,0.831941,0.8160106274306242,1,sentence-transformers/all-MiniLM-L6-v2
factual_qa_2682,factual_qa,reordering,0.975038,0.949853682635128,1,sentence-transformers/all-MiniLM-L6-v2
factual_qa_2682,factual_qa,surface_noise,0.991438,0.9573525639955232,1,sentence-transformers/all-MiniLM-L6-v2
factual_qa_3095,factual_qa,context_injection,0.94035,0.9298025597620283,1,sentence-transformers/all-MiniLM-L6-v2
factual_qa_3095,factual_qa,formatting_changes,0.944805,0.9327339464714202,1,sentence-transformers/all-MiniLM-L6-v2
factual_qa_3095,factual_qa,paraphrasing,0.757624,0.6860486518346951,0,sentence-transformers/all-MiniLM-L6-v2
factual_qa_3095,factual_qa,reordering,0.933949,0.9253892041581884,1,sentence-transformers/all-MiniLM-L6-v2
factual_qa_3095,factual_qa,surface_noise,0.944252,0.9323761907008041,1,sentence-transformers/all-MiniLM-L6-v2
factual_qa_3135,factual_qa,context_injection,0.815317,0.7903527235357231,1,sentence-transformers/all-MiniLM-L6-v2
factual_qa_3135,factual_qa,formatting_changes,0.791305,0.7495388134798024,1,sentence-transformers/all-MiniLM-L6-v2
factual_qa_3135,factual_qa,paraphrasing,0.653122,0.47842993595437977,1,sentence-transformers/all-MiniLM-L6-v2
factual_qa_3135,factual_qa,reordering,0.723639,0.6174499461331178,1,sentence-transformers/all-MiniLM-L6-v2
factual_qa_3135,factual_qa,surface_noise,0.827325,0.8091095563036728,0,sentence-transformers/all-MiniLM-L6-v2
factual_qa_3339,factual_qa,context_injection,1.0,0.9608352069115922,0,sentence-transformers/all-MiniLM-L6-v2
factual_qa_3339,factual_qa,formatting_changes,1.0,0.9608352069115922,1,sentence-transformers/all-MiniLM-L6-v2
factual_qa_3339,factual_qa,paraphrasing,0.092512,0.22107175225814818,0,sentence-transformers/all-MiniLM-L6-v2
factual_qa_3339,factual_qa,reordering,0.26241,0.2263372257037724,0,sentence-transformers/all-MiniLM-L6-v2
factual_qa_3339,factual_qa,surface_noise,1.0,0.9608352069115922,1,sentence-transformers/all-MiniLM-L6-v2
factual_qa_3373,factual_qa,context_injection,1.0,0.9608352069115922,1,sentence-transformers/all-MiniLM-L6-v2
factual_qa_3373,factual_qa,formatting_changes,1.0,0.9608352069115922,1,sentence-transformers/all-MiniLM-L6-v2
factual_qa_3373,factual_qa,paraphrasing,0.842162,0.8306691725763766,1,sentence-transformers/all-MiniLM-L6-v2
factual_qa_3373,factual_qa,reordering,0.99524,0.9589336857116042,1,sentence-transformers/all-MiniLM-L6-v2
factual_qa_3373,factual_qa,surface_noise,1.0,0.9608352069115922,1,sentence-transformers/all-MiniLM-L6-v2
factual_qa_3740,factual_qa,context_injection,1.0,0.9608352069115922,1,sentence-transformers/all-MiniLM-L6-v2
factual_qa_3740,factual_qa,formatting_changes,1.0,0.9608352069115922,1,sentence-transformers/all-MiniLM-L6-v2
factual_qa_3740,factual_qa,paraphrasing,0.190553,0.2229929392685346,0,sentence-transformers/all-MiniLM-L6-v2
factual_qa_3740,factual_qa,reordering,0.916713,0.9122524297910901,0,sentence-transformers/all-MiniLM-L6-v2
factual_qa_3740,factual_qa,surface_noise,1.0,0.9608352069115922,1,sentence-transformers/all-MiniLM-L6-v2
factual_qa_3976,factual_qa,context_injection,1.0,0.9608352069115922,1,sentence-transformers/all-MiniLM-L6-v2
factual_qa_3976,factual_qa,formatting_changes,1.0,0.9608352069115922,1,sentence-transformers/all-MiniLM-L6-v2
factual_qa_3976,factual_qa,paraphrasing,0.834741,0.8201118104656455,1,sentence-transformers/all-MiniLM-L6-v2
factual_qa_3976,factual_qa,reordering,1.0,0.9608352069115922,1,sentence-transformers/all-MiniLM-L6-v2
factual_qa_3976,factual_qa,surface_noise,1.0,0.9608352069115922,1,sentence-transformers/all-MiniLM-L6-v2
factual_qa_4029,factual_qa,context_injection,0.997713,0.9599322364452043,0,sentence-transformers/all-MiniLM-L6-v2
factual_qa_4029,factual_qa,formatting_changes,0.997089,0.9596824647409679,1,sentence-transformers/all-MiniLM-L6-v2
factual_qa_4029,factual_qa,paraphrasing,0.659812,0.4907091978281831,0,sentence-transformers/all-MiniLM-L6-v2
factual_qa_4029,factual_qa,reordering,0.99896,0.960427000778568,1,sentence-transformers/all-MiniLM-L6-v2
factual_qa_4029,factual_qa,surface_noise,0.997089,0.9596824647409679,1,sentence-transformers/all-MiniLM-L6-v2
factual_qa_4277,factual_qa,context_injection,0.960091,0.9419663491172752,1,sentence-transformers/all-MiniLM-L6-v2
factual_qa_4277,factual_qa,formatting_changes,1.0,0.9608352069115922,1,sentence-transformers/all-MiniLM-L6-v2
factual_qa_4277,factual_qa,paraphrasing,0.680397,0.5300614383869116,1,sentence-transformers/all-MiniLM-L6-v2
factual_qa_4277,factual_qa,reordering,1.0,0.9608352069115922,1,sentence-transformers/all-MiniLM-L6-v2
factual_qa_4277,factual_qa,surface_noise,1.0,0.9608352069115922,0,sentence-transformers/all-MiniLM-L6-v2
factual_qa_5271,factual_qa,context_injection,0.879549,0.876975634235817,1,sentence-transformers/all-MiniLM-L6-v2
factual_qa_5271,factual_qa,formatting_changes,0.920399,0.9152215735304989,1,sentence-transformers/all-MiniLM-L6-v2
factual_qa_5271,factual_qa,paraphrasing,0.835816,0.8216692632638924,0,sentence-transformers/all-MiniLM-L6-v2
factual_qa_5271,factual_qa,reordering,0.89847,0.8961920881627612,0,sentence-transformers/all-MiniLM-L6-v2
factual_qa_5271,factual_qa,surface_noise,0.945901,0.9334379273424624,1,sentence-transformers/all-MiniLM-L6-v2
factual_qa_5359,factual_qa,context_injection,0.953805,0.9383198339684002,0,sentence-transformers/all-MiniLM-L6-v2
factual_qa_5359,factual_qa,formatting_changes,0.931182,0.9234056888061,1,sentence-transformers/all-MiniLM-L6-v2
factual_qa_5359,factual_qa,paraphrasing,0.772707,0.7152450129848464,0,sentence-transformers/all-MiniLM-L6-v2
factual_qa_5359,factual_qa,reordering,0.917823,0.9131559863855736,1,sentence-transformers/all-MiniLM-L6-v2
factual_qa_5359,factual_qa,surface_noise,0.958104,0.9408356500298325,1,sentence-transformers/all-MiniLM-L6-v2
factual_qa_5525,factual_qa,context_injection,0.871868,0.8683861310894843,1,sentence-transformers/all-MiniLM-L6-v2
factual_qa_5525,factual_qa,formatting_changes,0.883741,0.8814681868488472,1,sentence-transformers/all-MiniLM-L6-v2
factual_qa_5525,factual_qa,paraphrasing,0.620924,0.42365214899185116,1,sentence-transformers/all-MiniLM-L6-v2
factual_qa_5525,factual_qa,reordering,0.88851,0.886414403729074,0,sentence-transformers/all-MiniLM-L6-v2
factual_qa_5525,factual_qa,surface_noise,0.887942,0.8858344034061998,1,sentence-transformers/all-MiniLM-L6-v2
factual_qa_6353,factual_qa,context_injection,0.945108,0.9329292405296332,1,sentence-transformers/all-MiniLM-L6-v2
factual_qa_6353,factual_qa,formatting_changes,0.952953,0.9378097599156616,1,sentence-transformers/all-MiniLM-L6-v2
factual_qa_6353,factual_qa,paraphrasing,0.714634,0.5990160205972894,0,sentence-transformers/all-MiniLM-L6-v2
factual_qa_6353,factual_qa,reordering,0.819193,0.7965326615469259,1,sentence-transformers/all-MiniLM-L6-v2
factual_qa_6353,factual_qa,surface_noise,0.941411,0.9305109707049377,1,sentence-transformers/all-MiniLM-L6-v2
factual_qa_6442,factual_qa,context_injection,0.96568,0.9450409615684663,1,sentence-transformers/all-MiniLM-L6-v2
factual_qa_6442,factual_qa,formatting_changes,0.965588,0.9449915914237685,1,sentence-transformers/all-MiniLM-L6-v2
factual_qa_6442,factual_qa,paraphrasing,0.725608,0.6214790633876004,0,sentence-transformers/all-MiniLM-L6-v2
factual_qa_6442,factual_qa,reordering,0.869874,0.8660795864212449,0,sentence-transformers/all-MiniLM-L6-v2
factual_qa_6442,factual_qa,surface_noise,0.965588,0.9449915914237685,1,sentence-transformers/all-MiniLM-L6-v2
factual_qa_6460,factual_qa,context_injection,0.698605,0.5663770415436976,1,sentence-transformers/all-MiniLM-L6-v2
factual_qa_6460,factual_qa,formatting_changes,1.0,0.9608352069115922,1,sentence-transformers/all-MiniLM-L6-v2
factual_qa_6460,factual_qa,paraphrasing,0.886528,0.8843798696808942,0,sentence-transformers/all-MiniLM-L6-v2
factual_qa_6460,factual_qa,reordering,0.980811,0.9526239404396004,1,sentence-transformers/all-MiniLM-L6-v2
factual_qa_6460,factual_qa,surface_noise,1.0,0.9608352069115922,1,sentence-transformers/all-MiniLM-L6-v2
factual_qa_6578,factual_qa,context_injection,1.0,0.9608352069115922,1,sentence-transformers/all-MiniLM-L6-v2
factual_qa_6578,factual_qa,formatting_changes,1.0,0.9608352069115922,1,sentence-transformers/all-MiniLM-L6-v2
factual_qa_6578,factual_qa,paraphrasing,0.538896,0.3213441500263517,1,sentence-transformers/all-MiniLM-L6-v2
factual_qa_6578,factual_qa,reordering,1.0,0.9608352069115922,1,sentence-transformers/all-MiniLM-L6-v2
factual_qa_6578,factual_qa,surface_noise,1.0,0.9608352069115922,1,sentence-transformers/all-MiniLM-L6-v2
factual_qa_6819,factual_qa,context_injection,0.979707,0.9521054795918606,1,sentence-transformers/all-MiniLM-L6-v2
factual_qa_6819,factual_qa,formatting_changes,0.979707,0.9521054795918606,1,sentence-transformers/all-MiniLM-L6-v2
factual_qa_6819,factual_qa,paraphrasing,0.758685,0.6881361578521366,1,sentence-transformers/all-MiniLM-L6-v2
factual_qa_6819,factual_qa,reordering,0.979707,0.9521054795918606,1,sentence-transformers/all-MiniLM-L6-v2
factual_qa_6819,factual_qa,surface_noise,0.979707,0.9521054795918606,0,sentence-transformers/all-MiniLM-L6-v2
factual_qa_684,factual_qa,context_injection,0.817042,0.7931176888690099,1,sentence-transformers/all-MiniLM-L6-v2
factual_qa_684,factual_qa,formatting_changes,1.0,0.9608352069115922,1,sentence-transformers/all-MiniLM-L6-v2
factual_qa_684,factual_qa,paraphrasing,0.522834,0.3073778340437571,1,sentence-transformers/all-MiniLM-L6-v2
factual_qa_684,factual_qa,reordering,0.776835,0.7230348024879583,1,sentence-transformers/all-MiniLM-L6-v2
factual_qa_684,factual_qa,surface_noise,0.999261,0.9605455574032202,1,sentence-transformers/all-MiniLM-L6-v2
factual_qa_7048,factual_qa,context_injection,0.897163,0.8949508465881681,1,sentence-transformers/all-MiniLM-L6-v2
factual_qa_7048,factual_qa,formatting_changes,0.920556,0.9153460601806716,1,sentence-transformers/all-MiniLM-L6-v2
factual_qa_7048,factual_qa,paraphrasing,0.823168,0.8027467109834805,1,sentence-transformers/all-MiniLM-L6-v2
factual_qa_7048,factual_qa,reordering,0.905558,0.9027087258150066,0,sentence-transformers/all-MiniLM-L6-v2
factual_qa_7048,factual_qa,surface_noise,0.911384,0.9077995148375042,1,sentence-transformers/all-MiniLM-L6-v2
factual_qa_7187,factual_qa,context_injection,0.952926,0.9377935327825868,0,sentence-transformers/all-MiniLM-L6-v2
factual_qa_7187,factual_qa,formatting_changes,0.976813,0.9507211296727831,1,sentence-transformers/all-MiniLM-L6-v2
factual_qa_7187,factual_qa,paraphrasing,0.640255,0.45563721682068786,0,sentence-transformers/all-MiniLM-L6-v2
factual_qa_7187,factual_qa,reordering,0.791909,0.7506159629191222,1,sentence-transformers/all-MiniLM-L6-v2
factual_qa_7187,factual_qa,surface_noise,0.976813,0.9507211296727831,1,sentence-transformers/all-MiniLM-L6-v2
factual_qa_720,factual_qa,context_injection,0.985637,0.9548292540074119,1,sentence-transformers/all-MiniLM-L6-v2
factual_qa_720,factual_qa,formatting_changes,0.913772,0.9098186425015491,1,sentence-transformers/all-MiniLM-L6-v2
factual_qa_720,factual_qa,paraphrasing,0.555909,0.33816287716367427,1,sentence-transformers/all-MiniLM-L6-v2
factual_qa_720,factual_qa,reordering,0.930039,0.9225727033606568,1,sentence-transformers/all-MiniLM-L6-v2
factual_qa_720,factual_qa,surface_noise,0.985418,0.9547312995865764,1,sentence-transformers/all-MiniLM-L6-v2
factual_qa_7525,factual_qa,context_injection,0.9062,0.9032813111102889,1,sentence-transformers/all-MiniLM-L6-v2
factual_qa_7525,factual_qa,formatting_changes,0.912916,0.909099325648423,1,sentence-transformers/all-MiniLM-L6-v2
factual_qa_7525,factual_qa,paraphrasing,0.782304,0.7332045080955512,1,sentence-transformers/all-MiniLM-L6-v2
factual_qa_7525,factual_qa,reordering,0.903386,0.9007499816374944,1,sentence-transformers/all-MiniLM-L6-v2
factual_qa_7525,factual_qa,surface_noise,0.886956,0.8848217469312425,1,sentence-transformers/all-MiniLM-L6-v2
factual_qa_7699,factual_qa,context_injection,0.926022,0.919580991508741,0,sentence-transformers/all-MiniLM-L6-v2
factual_qa_7699,factual_qa,formatting_changes,0.953058,0.937872828685731,1,sentence-transformers/all-MiniLM-L6-v2
factual_qa_7699,factual_qa,paraphrasing,0.723928,0.6180414401129235,1,sentence-transformers/all-MiniLM-L6-v2
factual_qa_7699,factual_qa,reordering,0.863627,0.858646066205387,1,sentence-transformers/all-MiniLM-L6-v2
factual_qa_7699,factual_qa,surface_noise,0.933277,0.9249117480185878,1,sentence-transformers/all-MiniLM-L6-v2
factual_qa_7854,factual_qa,context_injection,1.0,0.9608352069115922,1,sentence-transformers/all-MiniLM-L6-v2
factual_qa_7854,factual_qa,formatting_changes,0.97785,0.9512214185390486,1,sentence-transformers/all-MiniLM-L6-v2
factual_qa_7854,factual_qa,paraphrasing,0.797113,0.759793302356621,1,sentence-transformers/all-MiniLM-L6-v2
factual_qa_7854,factual_qa,reordering,1.0,0.9608352069115922,1,sentence-transformers/all-MiniLM-L6-v2
factual_qa_7854,factual_qa,surface_noise,1.0,0.9608352069115922,1,sentence-transformers/all-MiniLM-L6-v2
factual_qa_7989,factual_qa,context_injection,1.0,0.9608352069115922,1,sentence-transformers/all-MiniLM-L6-v2
factual_qa_7989,factual_qa,formatting_changes,1.0,0.9608352069115922,0,sentence-transformers/all-MiniLM-L6-v2
factual_qa_7989,factual_qa,paraphrasing,0.871641,0.8681251561767691,1,sentence-transformers/all-MiniLM-L6-v2
factual_qa_7989,factual_qa,reordering,0.811997,0.7849658602612593,1,sentence-transformers/all-MiniLM-L6-v2
factual_qa_7989,factual_qa,surface_noise,1.0,0.9608352069115922,1,sentence-transformers/all-MiniLM-L6-v2
factual_qa_800,factual_qa,context_injection,0.786396,0.740694743356574,1,sentence-transformers/all-MiniLM-L6-v2
factual_qa_800,factual_qa,formatting_changes,0.957279,0.9403602700473155,1,sentence-transformers/all-MiniLM-L6-v2
factual_qa_800,factual_qa,paraphrasing,0.627553,0.4342989897352922,1,sentence-transformers/all-MiniLM-L6-v2
factual_qa_800,factual_qa,reordering,0.970843,0.9477467730635003,0,sentence-transformers/all-MiniLM-L6-v2
factual_qa_800,factual_qa,surface_noise,1.0,0.9608352069115922,1,sentence-transformers/all-MiniLM-L6-v2
factual_qa_8049,factual_qa,context_injection,1.0,0.9608352069115922,1,sentence-transformers/all-MiniLM-L6-v2
factual_qa_8049,factual_qa,formatting_changes,1.0,0.9608352069115922,1,sentence-transformers/all-MiniLM-L6-v2
factual_qa_8049,factual_qa,paraphrasing,0.815577,0.7907709644007836,1,sentence-transformers/all-MiniLM-L6-v2
factual_qa_8049,factual_qa,reordering,1.0,0.9608352069115922,1,sentence-transformers/all-MiniLM-L6-v2
factual_qa_8049,factual_qa,surface_noise,1.0,0.9608352069115922,1,sentence-transformers/all-MiniLM-L6-v2
factual_qa_8077,factual_qa,context_injection,0.992929,0.9579793428812264,1,sentence-transformers/all-MiniLM-L6-v2
factual_qa_8077,factual_qa,formatting_changes,1.0,0.9608352069115922,1,sentence-transformers/all-MiniLM-L6-v2
factual_qa_8077,factual_qa,paraphrasing,0.814945,0.7897533987498917,1,sentence-transformers/all-MiniLM-L6-v2
factual_qa_8077,factual_qa,reordering,0.922319,0.91673296616906,1,sentence-transformers/all-MiniLM-L6-v2
factual_qa_8077,factual_qa,surface_noise,1.0,0.9608352069115922,1,sentence-transformers/all-MiniLM-L6-v2
factual_qa_8164,factual_qa,context_injection,1.0,0.9608352069115922,1,sentence-transformers/all-MiniLM-L6-v2
factual_qa_8164,factual_qa,formatting_changes,1.0,0.9608352069115922,1,sentence-transformers/all-MiniLM-L6-v2
factual_qa_8164,factual_qa,paraphrasing,0.826461,0.8077985867281448,1,sentence-transformers/all-MiniLM-L6-v2
factual_qa_8164,factual_qa,reordering,1.0,0.9608352069115922,1,sentence-transformers/all-MiniLM-L6-v2
factual_qa_8164,factual_qa,surface_noise,1.0,0.9608352069115922,1,sentence-transformers/all-MiniLM-L6-v2
factual_qa_8302,factual_qa,context_injection,1.0,0.9608352069115922,1,sentence-transformers/all-MiniLM-L6-v2
factual_qa_8302,factual_qa,formatting_changes,0.943248,0.9317222629489996,1,sentence-transformers/all-MiniLM-L6-v2
factual_qa_8302,factual_qa,paraphrasing,0.671158,0.5121316569506249,0,sentence-transformers/all-MiniLM-L6-v2
factual_qa_8302,factual_qa,reordering,0.807963,0.7783063734593643,1,sentence-transformers/all-MiniLM-L6-v2
factual_qa_8302,factual_qa,surface_noise,1.0,0.9608352069115922,1,sentence-transformers/all-MiniLM-L6-v2
factual_qa_8326,factual_qa,context_injection,0.999806,0.960759364555313,1,sentence-transformers/all-MiniLM-L6-v2
factual_qa_8326,factual_qa,formatting_changes,1.0,0.9608352069115922,1,sentence-transformers/all-MiniLM-L6-v2
factual_qa_8326,factual_qa,paraphrasing,0.621353,0.4243307157029456,0,sentence-transformers/all-MiniLM-L6-v2
factual_qa_8326,factual_qa,reordering,0.982226,0.9532807781861172,1,sentence-transformers/all-MiniLM-L6-v2
factual_qa_8326,factual_qa,surface_noise,1.0,0.9608352069115922,1,sentence-transformers/all-MiniLM-L6-v2
factual_qa_8650,factual_qa,context_injection,1.0,0.9608352069115922,1,sentence-transformers/all-MiniLM-L6-v2
factual_qa_8650,factual_qa,formatting_changes,1.0,0.9608352069115922,1,sentence-transformers/all-MiniLM-L6-v2
factual_qa_8650,factual_qa,paraphrasing,0.580178,0.36603695001204956,0,sentence-transformers/all-MiniLM-L6-v2
factual_qa_8650,factual_qa,reordering,1.0,0.9608352069115922,1,sentence-transformers/all-MiniLM-L6-v2
factual_qa_8650,factual_qa,surface_noise,1.0,0.9608352069115922,1,sentence-transformers/all-MiniLM-L6-v2
factual_qa_8989,factual_qa,context_injection,1.0,0.9608352069115922,1,sentence-transformers/all-MiniLM-L6-v2
factual_qa_8989,factual_qa,formatting_changes,0.917201,0.9126506760390718,1,sentence-transformers/all-MiniLM-L6-v2
factual_qa_8989,factual_qa,paraphrasing,0.626412,0.43244199023722507,0,sentence-transformers/all-MiniLM-L6-v2
factual_qa_8989,factual_qa,reordering,0.812351,0.7855443093279699,1,sentence-transformers/all-MiniLM-L6-v2
factual_qa_8989,factual_qa,surface_noise,1.0,0.9608352069115922,1,sentence-transformers/all-MiniLM-L6-v2
factual_qa_919,factual_qa,context_injection,1.0,0.9608352069115922,1,sentence-transformers/all-MiniLM-L6-v2
factual_qa_919,factual_qa,formatting_changes,1.0,0.9608352069115922,1,sentence-transformers/all-MiniLM-L6-v2
factual_qa_919,factual_qa,paraphrasing,0.858426,0.852215238214888,1,sentence-transformers/all-MiniLM-L6-v2
factual_qa_919,factual_qa,reordering,0.911198,0.9076406138764566,1,sentence-transformers/all-MiniLM-L6-v2
factual_qa_919,factual_qa,surface_noise,1.0,0.9608352069115922,1,sentence-transformers/all-MiniLM-L6-v2
factual_qa_9228,factual_qa,context_injection,0.982935,0.9536066781093613,1,sentence-transformers/all-MiniLM-L6-v2
factual_qa_9228,factual_qa,formatting_changes,1.0,0.9608352069115922,1,sentence-transformers/all-MiniLM-L6-v2
factual_qa_9228,factual_qa,paraphrasing,0.649664,0.4721943684987133,1,sentence-transformers/all-MiniLM-L6-v2
factual_qa_9228,factual_qa,reordering,0.90142,0.8989480610814287,1,sentence-transformers/all-MiniLM-L6-v2
factual_qa_9228,factual_qa,surface_noise,1.0,0.9608352069115922,1,sentence-transformers/all-MiniLM-L6-v2
math_reasoning_10051,math_reasoning,context_injection,0.923811,0.7978910148953143,1,sentence-transformers/all-MiniLM-L6-v2
math_reasoning_10051,math_reasoning,formatting_changes,0.923342,0.7975285299458005,0,sentence-transformers/all-MiniLM-L6-v2
math_reasoning_10051,math_reasoning,paraphrasing,0.739882,0.5305611932491977,0,sentence-transformers/all-MiniLM-L6-v2
math_reasoning_10051,math_reasoning,reordering,0.922582,0.7969381382465536,1,sentence-transformers/all-MiniLM-L6-v2
math_reasoning_10051,math_reasoning,surface_noise,0.925503,0.7991870805668168,1,sentence-transformers/all-MiniLM-L6-v2
math_reasoning_10521,math_reasoning,context_injection,0.908004,0.7848747892121773,1,sentence-transformers/all-MiniLM-L6-v2
math_reasoning_10521,math_reasoning,formatting_changes,0.951652,0.8170234435794638,1,sentence-transformers/all-MiniLM-L6-v2
math_reasoning_10521,math_reasoning,paraphrasing,0.875379,0.7523703274288945,1,sentence-transformers/all-MiniLM-L6-v2
math_reasoning_10521,math_reasoning,reordering,0.943283,0.8117451550988365,1,sentence-transformers/all-MiniLM-L6-v2
math_reasoning_10521,math_reasoning,surface_noise,0.936679,0.8073010534912658,0,sentence-transformers/all-MiniLM-L6-v2
math_reasoning_10586,math_reasoning,context_injection,0.936395,0.8071042321058551,1,sentence-transformers/all-MiniLM-L6-v2
math_reasoning_10586,math_reasoning,formatting_changes,0.946963,0.8141136900949141,0,sentence-transformers/all-MiniLM-L6-v2
math_reasoning_10586,math_reasoning,paraphrasing,0.702745,0.4547667133742817,1,sentence-transformers/all-MiniLM-L6-v2
math_reasoning_10586,math_reasoning,reordering,0.956798,0.8200814947709704,0,sentence-transformers/all-MiniLM-L6-v2
math_reasoning_10586,math_reasoning,surface_noise,0.923644,0.7977621038726287,1,sentence-transformers/all-MiniLM-L6-v2
math_reasoning_10682,math_reasoning,context_injection,0.947337,0.8143501841271698,1,sentence-transformers/all-MiniLM-L6-v2
math_reasoning_10682,math_reasoning,formatting_changes,0.975177,0.8299221223481873,0,sentence-transformers/all-MiniLM-L6-v2
math_reasoning_10682,math_reasoning,paraphrasing,0.849758,0.7210040660190057,1,sentence-transformers/all-MiniLM-L6-v2
math_reasoning_10682,math_reasoning,reordering,0.978171,0.8313753181443347,1,sentence-transformers/all-MiniLM-L6-v2
math_reasoning_10682,math_reasoning,surface_noise,0.968371,0.8264670362702916,0,sentence-transformers/all-MiniLM-L6-v2
math_reasoning_10926,math_reasoning,context_injection,0.96555,0.8249711874495965,1,sentence-transformers/all-MiniLM-L6-v2
math_reasoning_10926,math_reasoning,formatting_changes,0.96697,0.8257289165515248,1,sentence-transformers/all-MiniLM-L6-v2
math_reasoning_10926,math_reasoning,paraphrasing,0.917384,0.7927996107022518,1,sentence-transformers/all-MiniLM-L6-v2
math_reasoning_10926,math_reasoning,reordering,0.968616,0.8265951560181272,0,sentence-transformers/all-MiniLM-L6-v2
math_reasoning_10926,math_reasoning,surface_noise,0.96089,0.8224153920607123,1,sentence-transformers/all-MiniLM-L6-v2
math_reasoning_11055,math_reasoning,context_injection,0.94461,0.8126079899585502,1,sentence-transformers/all-MiniLM-L6-v2
math_reasoning_11055,math_reasoning,formatting_changes,0.948441,0.8150437938694394,1,sentence-transformers/all-MiniLM-L6-v2
math_reasoning_11055,math_reasoning,paraphrasing,0.948825,0.8152834836543043,1,sentence-transformers/all-MiniLM-L6-v2
math_reasoning_11055,math_reasoning,reordering,0.92852,0.801453231246683,1,sentence-transformers/all-MiniLM-L6-v2
math_reasoning_11055,math_reasoning,surface_noise,0.941362,0.8104783968149335,1,sentence-transformers/all-MiniLM-L6-v2
math_reasoning_1121,math_reasoning,context_injection,0.933116,0.8047969528200344,1,sentence-transformers/all-MiniLM-L6-v2
math_reasoning_1121,math_reasoning,formatting_changes,0.960379,0.8221285768583194,1,sentence-transformers/all-MiniLM-L6-v2
math_reasoning_1121,math_reasoning,paraphrasing,0.899455,0.7771193079049606,1,sentence-transformers/all-MiniLM-L6-v2
math_reasoning_1121,math_reasoning,reordering,0.922045,0.7965187382641391,1,sentence-transformers/all-MiniLM-L6-v2
math_reasoning_1121,math_reasoning,surface_noise,0.910214,0.7867960274374829,1,sentence-transformers/all-MiniLM-L6-v2
math_reasoning_11297,math_reasoning,context_injection,0.985809,0.8349060467393493,1,sentence-transformers/all-MiniLM-L6-v2
math_reasoning_11297,math_reasoning,formatting_changes,0.981301,0.8328523685065924,1,sentence-transformers/all-MiniLM-L6-v2
math_reasoning_11297,math_reasoning,paraphrasing,0.647635,0.3485724540352289,0,sentence-transformers/all-MiniLM-L6-v2
math_reasoning_11297,math_reasoning,reordering,0.93915,0.8089935040983606,1,sentence-transformers/all-MiniLM-L6-v2
math_reasoning_11297,math_reasoning,surface_noise,0.982855,0.833570012058254,1,sentence-transformers/all-MiniLM-L6-v2
math_reasoning_11759,math_reasoning,context_injection,0.956011,0.8196227924459657,1,sentence-transformers/all-MiniLM-L6-v2
math_reasoning_11759,math_reasoning,formatting_changes,0.956494,0.8199046885380877,1,sentence-transformers/all-MiniLM-L6-v2
math_reasoning_11759,math_reasoning,paraphrasing,0.815217,0.6701917209492504,1,sentence-transformers/all-MiniLM-L6-v2
math_reasoning_11759,math_reasoning,reordering,0.954972,0.8190122853734273,0,sentence-transformers/all-MiniLM-L6-v2
math_reasoning_11759,math_reasoning,surface_noise,0.951115,0.8166962475820446,1,sentence-transformers/all-MiniLM-L6-v2
math_reasoning_1600,math_reasoning,context_injection,0.927407,0.8006238708807177,0,sentence-transformers/all-MiniLM-L6-v2
math_reasoning_1600,math_reasoning,formatting_changes,0.915539,0.791287854033322,1,sentence-transformers/all-MiniLM-L6-v2
math_reasoning_1600,math_reasoning,paraphrasing,0.810979,0.6632970363611134,1,sentence-transformers/all-MiniLM-L6-v2
math_reasoning_1600,math_reasoning,reordering,0.907543,0.7844697500290868,1,sentence-transformers/all-MiniLM-L6-v2
math_reasoning_1600,math_reasoning,surface_noise,0.929072,0.8018616970116098,1,sentence-transformers/all-MiniLM-L6-v2
math_reasoning_1650,math_reasoning,context_injection,0.986876,0.8353796978109208,1,sentence-transformers/all-MiniLM-L6-v2
math_reasoning_1650,math_reasoning,formatting_changes,0.980361,0.8324132480919869,1,sentence-transformers/all-MiniLM-L6-v2
math_reasoning_1650,math_reasoning,paraphrasing,0.942999,0.8115592012150102,1,sentence-transformers/all-MiniLM-L6-v2
math_reasoning_1650,math_reasoning,reordering,0.987903,0.8358311755360684,1,sentence-transformers/all-MiniLM-L6-v2
math_reasoning_1650,math_reasoning,surface_noise,0.972149,0.828411362392102,1,sentence-transformers/all-MiniLM-L6-v2
math_reasoning_190,math_reasoning,context_injection,0.953249,0.8179874039989784,1,sentence-transformers/all-MiniLM-L6-v2
math_reasoning_190,math_reasoning,formatting_changes,0.975896,0.8302747508930882,0,sentence-transformers/all-MiniLM-L6-v2
math_reasoning_190,math_reasoning,paraphrasing,0.955799,0.8194986795123581,1,sentence-transformers/all-MiniLM-L6-v2
math_reasoning_190,math_reasoning,reordering,0.980329,0.8323982322051012,1,sentence-transformers/all-MiniLM-L6-v2
math_reasoning_190,math_reasoning,surface_noise,0.967189,0.8258449149270314,1,sentence-transformers/all-MiniLM-L6-v2
math_reasoning_2166,math_reasoning,context_injection,0.747261,0.5454388876462518,1,sentence-transformers/all-MiniLM-L6-v2
math_reasoning_2166,math_reasoning,formatting_changes,0.865073,0.7403948089120088,1,sentence-transformers/all-MiniLM-L6-v2
math_reasoning_2166,math_reasoning,paraphrasing,0.63879,0.33311526945931746,0,sentence-transformers/all-MiniLM-L6-v2
math_reasoning_2166,math_reasoning,reordering,0.857281,0.7307697519606949,1,sentence-transformers/all-MiniLM-L6-v2
math_reasoning_2166,math_reasoning,surface_noise,0.823296,0.6829447106561585,0,sentence-transformers/all-MiniLM-L6-v2
math_reasoning_2652,math_reasoning,context_injection,0.942109,0.8109734893779942,0,sentence-transformers/all-MiniLM-L6-v2
math_reasoning_2652,math_reasoning,formatting_changes,0.935485,0.8064703494962592,1,sentence-transformers/all-MiniLM-L6-v2
math_reasoning_2652,math_reasoning,paraphrasing,0.88789,0.7657811823640576,1,sentence-transformers/all-MiniLM-L6-v2
math_reasoning_2652,math_reasoning,reordering,0.933104,0.8047883903811811,1,sentence-transformers/all-MiniLM-L6-v2
math_reasoning_2652,math_reasoning,surface_noise,0.944842,0.8127578218354482,1,sentence-transformers/all-MiniLM-L6-v2
math_reasoning_2817,math_reasoning,context_injection,0.913995,0.7900052204671691,1,sentence-transformers/all-MiniLM-L6-v2
math_reasoning_2817,math_reasoning,formatting_changes,0.939778,0.8094179511419125,1,sentence-transformers/all-MiniLM-L6-v2
math_reasoning_2817,math_reasoning,paraphrasing,0.978898,0.8317221951963601,1,sentence-transformers/all-MiniLM-L6-v2
math_reasoning_2817,math_reasoning,reordering,0.960968,0.822459056825167,1,sentence-transformers/all-MiniLM-L6-v2
math_reasoning_2817,math_reasoning,surface_noise,0.977748,0.831172420756977,1,sentence-transformers/all-MiniLM-L6-v2
math_reasoning_2832,math_reasoning,context_injection,0.879771,0.7572169810163064,1,sentence-transformers/all-MiniLM-L6-v2
math_reasoning_2832,math_reasoning,formatting_changes,0.849785,0.7210399501519716,1,sentence-transformers/all-MiniLM-L6-v2
math_reasoning_2832,math_reasoning,paraphrasing,0.853629,0.726087329688614,0,sentence-transformers/all-MiniLM-L6-v2
math_reasoning_2832,math_reasoning,reordering,0.891682,0.7696085876495112,0,sentence-transformers/all-MiniLM-L6-v2
math_reasoning_2832,math_reasoning,surface_noise,0.900432,0.7780320491147147,1,sentence-transformers/all-MiniLM-L6-v2
math_reasoning_2873,math_reasoning,context_injection,0.942176,0.8110177393602561,1,sentence-transformers/all-MiniLM-L6-v2
math_reasoning_2873,math_reasoning,formatting_changes,0.933808,0.8052892492161764,1,sentence-transformers/all-MiniLM-L6-v2
math_reasoning_2873,math_reasoning,paraphrasing,0.842994,0.7118244472759995,0,sentence-transformers/all-MiniLM-L6-v2
math_reasoning_2873,math_reasoning,reordering,0.934511,0.8057864187789899,1,sentence-transformers/all-MiniLM-L6-v2
math_reasoning_2873,math_reasoning,surface_noise,0.949432,0.8156607277503728,1,sentence-transformers/all-MiniLM-L6-v2
math_reasoning_2891,math_reasoning,context_injection,0.869414,0.7455429579619147,1,sentence-transformers/all-MiniLM-L6-v2
math_reasoning_2891,math_reasoning,formatting_changes,0.851803,0.7237049058896129,1,sentence-transformers/all-MiniLM-L6-v2
math_reasoning_2891,math_reasoning,paraphrasing,0.526231,0.19018386980658875,0,sentence-transformers/all-MiniLM-L6-v2
math_reasoning_2891,math_reasoning,reordering,0.893769,0.7716690182201286,0,sentence-transformers/all-MiniLM-L6-v2
math_reasoning_2891,math_reasoning,surface_noise,0.828866,0.6914327105705588,1,sentence-transformers/all-MiniLM-L6-v2
math_reasoning_3251,math_reasoning,context_injection,0.887434,0.7653135939816388,1,sentence-transformers/all-MiniLM-L6-v2
math_reasoning_3251,math_reasoning,formatting_changes,0.943883,0.8121365141440974,1,sentence-transformers/all-MiniLM-L6-v2
math_reasoning_3251,math_reasoning,paraphrasing,0.990688,0.8370339626956261,1,sentence-transformers/all-MiniLM-L6-v2
math_reasoning_3251,math_reasoning,reordering,0.989955,0.8367204183130544,1,sentence-transformers/all-MiniLM-L6-v2
math_reasoning_3251,math_reasoning,surface_noise,0.992371,0.8377457974552202,0,sentence-transformers/all-MiniLM-L6-v2
math_reasoning_3336,math_reasoning,context_injection,0.884244,0.7619981040248996,1,sentence-transformers/all-MiniLM-L6-v2
math_reasoning_3336,math_reasoning,formatting_changes,0.873912,0.7507175358296144,1,sentence-transformers/all-MiniLM-L6-v2
math_reasoning_3336,math_reasoning,paraphrasing,0.782076,0.612784108255629,1,sentence-transformers/all-MiniLM-L6-v2
math_reasoning_3336,math_reasoning,reordering,0.895888,0.7737279427731562,1,sentence-transformers/all-MiniLM-L6-v2
math_reasoning_3336,math_reasoning,surface_noise,0.872946,0.749619857419973,1,sentence-transformers/all-MiniLM-L6-v2
math_reasoning_3374,math_reasoning,context_injection,0.841325,0.7095011787937283,0,sentence-transformers/all-MiniLM-L6-v2
math_reasoning_3374,math_reasoning,formatting_changes,0.879675,0.7571126621219043,1,sentence-transformers/all-MiniLM-L6-v2
math_reasoning_3374,math_reasoning,paraphrasing,0.824528,0.6848437210593964,0,sentence-transformers/all-MiniLM-L6-v2
math_reasoning_3374,math_reasoning,reordering,0.865001,0.7403081362861542,1,sentence-transformers/all-MiniLM-L6-v2
math_reasoning_3374,math_reasoning,surface_noise,0.875277,0.7522559613672729,1,sentence-transformers/all-MiniLM-L6-v2
math_reasoning_338,math_reasoning,context_injection,0.910704,0.7872174352915583,1,sentence-transformers/all-MiniLM-L6-v2
math_reasoning_338,math_reasoning,formatting_changes,0.935109,0.8062069986977026,0,sentence-transformers/all-MiniLM-L6-v2
math_reasoning_338,math_reasoning,paraphrasing,0.888934,0.7668457666713694,1,sentence-transformers/all-MiniLM-L6-v2
math_reasoning_338,math_reasoning,reordering,0.942356,0.8111364930866248,1,sentence-transformers/all-MiniLM-L6-v2
math_reasoning_338,math_reasoning,surface_noise,0.927155,0.8004350162227546,1,sentence-transformers/all-MiniLM-L6-v2
math_reasoning_3402,math_reasoning,context_injection,0.937591,0.8079298790019506,1,sentence-transformers/all-MiniLM-L6-v2
math_reasoning_3402,math_reasoning,formatting_changes,0.942729,0.8113819896121318,1,sentence-transformers/all-MiniLM-L6-v2
math_reasoning_3402,math_reasoning,paraphrasing,0.93337,0.8049779869272448,0,sentence-transformers/all-MiniLM-L6-v2
math_reasoning_3402,math_reasoning,reordering,0.921204,0.7958581674896695,1,sentence-transformers/all-MiniLM-L6-v2
math_reasoning_3402,math_reasoning,surface_noise,0.935692,0.8066149728722597,1,sentence-transformers/all-MiniLM-L6-v2
math_reasoning_3715,math_reasoning,context_injection,0.999708,0.8407209995798807,1,sentence-transformers/all-MiniLM-L6-v2
math_reasoning_3715,math_reasoning,formatting_changes,0.99948,0.8406316047987358,1,sentence-transformers/all-MiniLM-L6-v2
math_reasoning_3715,math_reasoning,paraphrasing,0.985542,0.8347867868174251,1,sentence-transformers/all-MiniLM-L6-v2
math_reasoning_3715,math_reasoning,reordering,0.993252,0.8381139745532425,1,sentence-transformers/all-MiniLM-L6-v2
math_reasoning_3715,math_reasoning,surface_noise,0.998866,0.8403899074037048,1,sentence-transformers/all-MiniLM-L6-v2
math_reasoning_3886,math_reasoning,context_injection,0.902427,0.7798744717952043,0,sentence-transformers/all-MiniLM-L6-v2
math_reasoning_3886,math_reasoning,formatting_changes,0.902744,0.7801646001862649,1,sentence-transformers/all-MiniLM-L6-v2
math_reasoning_3886,math_reasoning,paraphrasing,0.875129,0.7520898719354222,0,sentence-transformers/all-MiniLM-L6-v2
math_reasoning_3886,math_reasoning,reordering,0.907244,0.7842062529836523,1,sentence-transformers/all-MiniLM-L6-v2
math_reasoning_3886,math_reasoning,surface_noise,0.900014,0.7776423865889591,1,sentence-transformers/all-MiniLM-L6-v2
math_reasoning_4506,math_reasoning,context_injection,0.808182,0.6586710845570497,1,sentence-transformers/all-MiniLM-L6-v2
math_reasoning_4506,math_reasoning,formatting_changes,0.761869,0.5743722513219368,0,sentence-transformers/all-MiniLM-L6-v2
math_reasoning_4506,math_reasoning,paraphrasing,0.476251,0.1560039090691085,0,sentence-transformers/all-MiniLM-L6-v2
math_reasoning_4506,math_reasoning,reordering,0.748802,0.5485267098918662,0,sentence-transformers/all-MiniLM-L6-v2
math_reasoning_4506,math_reasoning,surface_noise,0.747544,0.5460065011085525,0,sentence-transformers/all-MiniLM-L6-v2
math_reasoning_4531,math_reasoning,context_injection,0.896108,0.7739398062329371,0,sentence-transformers/all-MiniLM-L6-v2
math_reasoning_4531,math_reasoning,formatting_changes,0.948046,0.8147963961300094,1,sentence-transformers/all-MiniLM-L6-v2
math_reasoning_4531,math_reasoning,paraphrasing,0.955172,0.8191302410033684,1,sentence-transformers/all-MiniLM-L6-v2
math_reasoning_4531,math_reasoning,reordering,0.939587,0.8092891021060252,1,sentence-transformers/all-MiniLM-L6-v2
math_reasoning_4531,math_reasoning,surface_noise,0.944756,0.8127023159302732,1,sentence-transformers/all-MiniLM-L6-v2
math_reasoning_467,math_reasoning,context_injection,0.964487,0.8243975717471531,1,sentence-transformers/all-MiniLM-L6-v2
math_reasoning_467,math_reasoning,formatting_changes,0.96635,0.8253992716309021,1,sentence-transformers/all-MiniLM-L6-v2
math_reasoning_467,math_reasoning,paraphrasing,0.968821,0.8267021398924775,1,sentence-transformers/all-MiniLM-L6-v2
math_reasoning_467,math_reasoning,reordering,0.977855,0.8312238192108808,0,sentence-transformers/all-MiniLM-L6-v2
math_reasoning_467,math_reasoning,surface_noise,0.971692,0.8281797051276273,1,sentence-transformers/all-MiniLM-L6-v2
math_reasoning_4807,math_reasoning,context_injection,0.860683,0.7350330783993707,0,sentence-transformers/all-MiniLM-L6-v2
math_reasoning_4807,math_reasoning,formatting_changes,0.862038,0.736704766341166,1,sentence-transformers/all-MiniLM-L6-v2
math_reasoning_4807,math_reasoning,paraphrasing,0.831203,0.694918972510841,1,sentence-transformers/all-MiniLM-L6-v2
math_reasoning_4807,math_reasoning,reordering,0.870168,0.7464216718342488,1,sentence-transformers/all-MiniLM-L6-v2
math_reasoning_4807,math_reasoning,surface_noise,0.874896,0.7518280416072584,1,sentence-transformers/all-MiniLM-L6-v2
math_reasoning_4880,math_reasoning,context_injection,0.904309,0.7815864415901651,1,sentence-transformers/all-MiniLM-L6-v2
math_reasoning_4880,math_reasoning,formatting_changes,0.913841,0.7898764087994848,0,sentence-transformers/all-MiniLM-L6-v2
math_reasoning_4880,math_reasoning,paraphrasing,0.908469,0.7852818438590704,1,sentence-transformers/all-MiniLM-L6-v2
math_reasoning_4880,math_reasoning,reordering,0.9145,0.7904264995820508,1,sentence-transformers/all-MiniLM-L6-v2
math_reasoning_4880,math_reasoning,surface_noise,0.910753,0.7872594853084559,1,sentence-transformers/all-MiniLM-L6-v2
math_reasoning_4896,math_reasoning,context_injection,0.944279,0.8123936978970866,1,sentence-transformers/all-MiniLM-L6-v2
math_reasoning_4896,math_reasoning,formatting_changes,0.934807,0.8059948662454183,1,sentence-transformers/all-MiniLM-L6-v2
math_reasoning_4896,math_reasoning,paraphrasing,0.942482,0.8112195108034396,1,sentence-transformers/all-MiniLM-L6-v2
math_reasoning_4896,math_reasoning,reordering,0.938638,0.8086457599440952,1,sentence-transformers/all-MiniLM-L6-v2
math_reasoning_4896,math_reasoning,surface_noise,0.945461,0.8131561134323647,1,sentence-transformers/all-MiniLM-L6-v2
math_reasoning_4965,math_reasoning,context_injection,0.954646,0.8188195692483103,1,sentence-transformers/all-MiniLM-L6-v2
math_reasoning_4965,math_reasoning,formatting_changes,0.988511,0.836096430364227,0,sentence-transformers/all-MiniLM-L6-v2
math_reasoning_4965,math_reasoning,paraphrasing,0.94328,0.8117431931865012,0,sentence-transformers/all-MiniLM-L6-v2
math_reasoning_4965,math_reasoning,reordering,0.982445,0.8333816721603841,1,sentence-transformers/all-MiniLM-L6-v2
math_reasoning_4965,math_reasoning,surface_noise,0.988437,0.8360642262992716,0,sentence-transformers/all-MiniLM-L6-v2
math_reasoning_5038,math_reasoning,context_injection,0.935571,0.8065304655513098,0,sentence-transformers/all-MiniLM-L6-v2
math_reasoning_5038,math_reasoning,formatting_changes,0.936776,0.8073681683862645,1,sentence-transformers/all-MiniLM-L6-v2
math_reasoning_5038,math_reasoning,paraphrasing,0.92198,0.7964678466365754,0,sentence-transformers/all-MiniLM-L6-v2
math_reasoning_5038,math_reasoning,reordering,0.927618,0.8007816933431083,1,sentence-transformers/all-MiniLM-L6-v2
math_reasoning_5038,math_reasoning,surface_noise,0.931472,0.8036157586541536,1,sentence-transformers/all-MiniLM-L6-v2
math_reasoning_5201,math_reasoning,context_injection,0.959824,0.821815577006438,1,sentence-transformers/all-MiniLM-L6-v2
math_reasoning_5201,math_reasoning,formatting_changes,0.94218,0.8110203803398136,1,sentence-transformers/all-MiniLM-L6-v2
math_reasoning_5201,math_reasoning,paraphrasing,0.836538,0.7027099530876403,1,sentence-transformers/all-MiniLM-L6-v2
math_reasoning_5201,math_reasoning,reordering,0.964295,0.8242933779080174,1,sentence-transformers/all-MiniLM-L6-v2
math_reasoning_5201,math_reasoning,surface_noise,0.975799,0.8302273132990082,1,sentence-transformers/all-MiniLM-L6-v2
math_reasoning_5281,math_reasoning,context_injection,0.803475,0.6507531767804823,0,sentence-transformers/all-MiniLM-L6-v2
math_reasoning_5281,math_reasoning,formatting_changes,0.798934,0.6429600413945579,1,sentence-transformers/all-MiniLM-L6-v2
math_reasoning_5281,math_reasoning,paraphrasing,0.92673,0.8001156089907339,1,sentence-transformers/all-MiniLM-L6-v2
math_reasoning_5281,math_reasoning,reordering,0.962589,0.8233596284139736,1,sentence-transformers/all-MiniLM-L6-v2
math_reasoning_5281,math_reasoning,surface_noise,0.929027,0.801828468967969,1,sentence-transformers/all-MiniLM-L6-v2
math_reasoning_5408,math_reasoning,context_injection,0.966363,0.8254062025065877,1,sentence-transformers/all-MiniLM-L6-v2
math_reasoning_5408,math_reasoning,formatting_changes,0.96344,0.8238271981291577,1,sentence-transformers/all-MiniLM-L6-v2
math_reasoning_5408,math_reasoning,paraphrasing,0.906601,0.7836374844097133,1,sentence-transformers/all-MiniLM-L6-v2
math_reasoning_5408,math_reasoning,reordering,0.961825,0.8229368063861587,1,sentence-transformers/all-MiniLM-L6-v2
math_reasoning_5408,math_reasoning,surface_noise,0.967455,0.8259854993396302,1,sentence-transformers/all-MiniLM-L6-v2
math_reasoning_5497,math_reasoning,context_injection,0.994772,0.8387420896321477,1,sentence-transformers/all-MiniLM-L6-v2
math_reasoning_5497,math_reasoning,formatting_changes,0.992337,0.8377315276057823,1,sentence-transformers/all-MiniLM-L6-v2
math_reasoning_5497,math_reasoning,paraphrasing,0.993438,0.8381913176765844,1,sentence-transformers/all-MiniLM-L6-v2
math_reasoning_5497,math_reasoning,reordering,0.994023,0.8384336969086078,1,sentence-transformers/all-MiniLM-L6-v2
math_reasoning_5497,math_reasoning,surface_noise,0.99593,0.8392146349040993,0,sentence-transformers/all-MiniLM-L6-v2
math_reasoning_5594,math_reasoning,context_injection,0.90745,0.7843878596432016,0,sentence-transformers/all-MiniLM-L6-v2
math_reasoning_5594,math_reasoning,formatting_changes,0.947109,0.8142061031759437,1,sentence-transformers/all-MiniLM-L6-v2
math_reasoning_5594,math_reasoning,paraphrasing,0.922433,0.7968219548087984,1,sentence-transformers/all-MiniLM-L6-v2
math_reasoning_5594,math_reasoning,reordering,0.981914,0.8331366856746129,1,sentence-transformers/all-MiniLM-L6-v2
math_reasoning_5594,math_reasoning,surface_noise,0.956673,0.8200088526437971,1,sentence-transformers/all-MiniLM-L6-v2
math_reasoning_5912,math_reasoning,context_injection,0.996565,0.839471584087068,0,sentence-transformers/all-MiniLM-L6-v2
math_reasoning_5912,math_reasoning,formatting_changes,0.995,0.8388355365110373,1,sentence-transformers/all-MiniLM-L6-v2
math_reasoning_5912,math_reasoning,paraphrasing,0.808885,0.6598393720540682,1,sentence-transformers/all-MiniLM-L6-v2
math_reasoning_5912,math_reasoning,reordering,0.985242,0.8346524337957416,1,sentence-transformers/all-MiniLM-L6-v2
math_reasoning_5912,math_reasoning,surface_noise,0.995601,0.8390809023065856,1,sentence-transformers/all-MiniLM-L6-v2
math_reasoning_6164,math_reasoning,context_injection,0.913343,0.7894587642841725,1,sentence-transformers/all-MiniLM-L6-v2
math_reasoning_6164,math_reasoning,formatting_changes,0.900621,0.7782078221002945,1,sentence-transformers/all-MiniLM-L6-v2
math_reasoning_6164,math_reasoning,paraphrasing,0.890852,0.7687801015350305,1,sentence-transformers/all-MiniLM-L6-v2
math_reasoning_6164,math_reasoning,reordering,0.895298,0.773158003307343,1,sentence-transformers/all-MiniLM-L6-v2
math_reasoning_6164,math_reasoning,surface_noise,0.930564,0.8029563045561908,1,sentence-transformers/all-MiniLM-L6-v2
math_reasoning_6746,math_reasoning,context_injection,0.975151,0.8299093272932457,1,sentence-transformers/all-MiniLM-L6-v2
math_reasoning_6746,math_reasoning,formatting_changes,0.969787,0.8272036006508962,1,sentence-transformers/all-MiniLM-L6-v2
math_reasoning_6746,math_reasoning,paraphrasing,0.924262,0.7982382612301707,1,sentence-transformers/all-MiniLM-L6-v2
math_reasoning_6746,math_reasoning,reordering,0.922227,0.7966610896636356,1,sentence-transformers/all-MiniLM-L6-v2
math_reasoning_6746,math_reasoning,surface_noise,0.946803,0.8140122801834931,1,sentence-transformers/all-MiniLM-L6-v2
math_reasoning_6807,math_reasoning,context_injection,0.934046,0.8054578980398232,1,sentence-transformers/all-MiniLM-L6-v2
math_reasoning_6807,math_reasoning,formatting_changes,0.971091,0.8278735820762327,1,sentence-transformers/all-MiniLM-L6-v2
math_reasoning_6807,math_reasoning,paraphrasing,0.877369,0.7545851359007619,1,sentence-transformers/all-MiniLM-L6-v2
math_reasoning_6807,math_reasoning,reordering,0.966808,0.8256429616574025,1,sentence-transformers/all-MiniLM-L6-v2
math_reasoning_6807,math_reasoning,surface_noise,0.971544,0.8281044757475732,1,sentence-transformers/all-MiniLM-L6-v2
math_reasoning_7372,math_reasoning,context_injection,0.961577,0.8227989313856733,1,sentence-transformers/all-MiniLM-L6-v2
math_reasoning_7372,math_reasoning,formatting_changes,0.961292,0.8226401075297393,1,sentence-transformers/all-MiniLM-L6-v2
math_reasoning_7372,math_reasoning,paraphrasing,0.943458,0.8118595117883683,1,sentence-transformers/all-MiniLM-L6-v2
math_reasoning_7372,math_reasoning,reordering,0.953597,0.818195662825235,1,sentence-transformers/all-MiniLM-L6-v2
math_reasoning_7372,math_reasoning,surface_noise,0.943555,0.8119228234106542,0,sentence-transformers/all-MiniLM-L6-v2
math_reasoning_7390,math_reasoning,context_injection,0.975347,0.8300057073272292,1,sentence-transformers/all-MiniLM-L6-v2
math_reasoning_7390,math_reasoning,formatting_changes,0.973321,0.8290010677283329,0,sentence-transformers/all-MiniLM-L6-v2
math_reasoning_7390,math_reasoning,paraphrasing,0.976386,0.8305137407061848,1,sentence-transformers/all-MiniLM-L6-v2
math_reasoning_7390,math_reasoning,reordering,0.973958,0.8293189462088474,1,sentence-transformers/all-MiniLM-L6-v2
math_reasoning_7390,math_reasoning,surface_noise,0.975848,0.8302512818881663,1,sentence-transformers/all-MiniLM-L6-v2
math_reasoning_7546,math_reasoning,context_injection,0.976536,0.8305866865199617,0,sentence-transformers/all-MiniLM-L6-v2
math_reasoning_7546,math_reasoning,formatting_changes,0.982692,0.8334952209685814,1,sentence-transformers/all-MiniLM-L6-v2
math_reasoning_7546,math_reasoning,paraphrasing,0.963917,0.8240877194168233,1,sentence-transformers/all-MiniLM-L6-v2
math_reasoning_7546,math_reasoning,reordering,0.980037,0.8322610074445503,0,sentence-transformers/all-MiniLM-L6-v2
math_reasoning_7546,math_reasoning,surface_noise,0.983009,0.8336405700559723,0,sentence-transformers/all-MiniLM-L6-v2
math_reasoning_8004,math_reasoning,context_injection,0.978383,0.8314767103458914,1,sentence-transformers/all-MiniLM-L6-v2
math_reasoning_8004,math_reasoning,formatting_changes,0.970907,0.8277795253560681,1,sentence-transformers/all-MiniLM-L6-v2
math_reasoning_8004,math_reasoning,paraphrasing,0.912543,0.7887843299477423,1,sentence-transformers/all-MiniLM-L6-v2
math_reasoning_8004,math_reasoning,reordering,0.952429,0.8174941418395633,1,sentence-transformers/all-MiniLM-L6-v2
math_reasoning_8004,math_reasoning,surface_noise,0.972546,0.8286118237245429,1,sentence-transformers/all-MiniLM-L6-v2
math_reasoning_9083,math_reasoning,context_injection,0.875326,0.7523109122084509,1,sentence-transformers/all-MiniLM-L6-v2
math_reasoning_9083,math_reasoning,formatting_changes,0.961557,0.8227877990767672,1,sentence-transformers/all-MiniLM-L6-v2
math_reasoning_9083,math_reasoning,paraphrasing,0.981344,0.8328723649767703,0,sentence-transformers/all-MiniLM-L6-v2
math_reasoning_9083,math_reasoning,reordering,0.98603,0.835004536596451,1,sentence-transformers/all-MiniLM-L6-v2
math_reasoning_9083,math_reasoning,surface_noise,0.981831,0.8330982833734702,0,sentence-transformers/all-MiniLM-L6-v2
math_reasoning_9403,math_reasoning,context_injection,0.964627,0.8244734329609537,1,sentence-transformers/all-MiniLM-L6-v2
math_reasoning_9403,math_reasoning,formatting_changes,0.964589,0.8244528515147788,1,sentence-transformers/all-MiniLM-L6-v2
math_reasoning_9403,math_reasoning,paraphrasing,0.959366,0.8215561102668963,1,sentence-transformers/all-MiniLM-L6-v2
math_reasoning_9403,math_reasoning,reordering,0.973708,0.8291944105253465,1,sentence-transformers/all-MiniLM-L6-v2
math_reasoning_9403,math_reasoning,surface_noise,0.97861,0.8315850576597722,1,sentence-transformers/all-MiniLM-L6-v2
math_reasoning_9599,math_reasoning,context_injection,0.907357,0.7843059088735066,1,sentence-transformers/all-MiniLM-L6-v2
math_reasoning_9599,math_reasoning,formatting_changes,0.902211,0.7796763701774528,1,sentence-transformers/all-MiniLM-L6-v2
math_reasoning_9599,math_reasoning,paraphrasing,0.857431,0.7309597296040277,1,sentence-transformers/all-MiniLM-L6-v2
math_reasoning_9599,math_reasoning,reordering,0.902066,0.7795431979530457,1,sentence-transformers/all-MiniLM-L6-v2
math_reasoning_9599,math_reasoning,surface_noise,0.884883,0.7626684896992436,1,sentence-transformers/all-MiniLM-L6-v2
math_reasoning_9765,math_reasoning,context_injection,0.936099,0.8068985858040264,1,sentence-transformers/all-MiniLM-L6-v2
math_reasoning_9765,math_reasoning,formatting_changes,0.918985,0.7940931420724059,1,sentence-transformers/all-MiniLM-L6-v2
math_reasoning_9765,math_reasoning,paraphrasing,0.916743,0.7922769578131114,1,sentence-transformers/all-MiniLM-L6-v2
math_reasoning_9765,math_reasoning,reordering,0.902462,0.7799065401722,1,sentence-transformers/all-MiniLM-L6-v2
math_reasoning_9765,math_reasoning,surface_noise,0.951383,0.8168597342048008,1,sentence-transformers/all-MiniLM-L6-v2
