item_id,task_type,dataset_name,source_index,perturbation_type,construction_method,method_reference,semantic_equivalence_status,original_prompt,perturbed_prompt
factual_qa_378,factual_qa,mandarjoshi/trivia_qa,378,paraphrasing,llm_assisted_posix_paraphrase,Reference 3 POSIX: GPT-3.5-Turbo paraphrase generation,pending_manual_check,Which act has had more Christmas number one singles than any other?,Which performance has achieved the highest number of Christmas number one hits compared to all others?
factual_qa_378,factual_qa,mandarjoshi/trivia_qa,378,reordering,rule_based_prompt_component_reordering,Reference 5 Haase et al.: information-order variation,pending_manual_check,Which act has had more Christmas number one singles than any other?,More Christmas number one singles than any other act have been had by which act?
factual_qa_378,factual_qa,mandarjoshi/trivia_qa,378,formatting_changes,rule_based_template_transformation,Reference 3 POSIX: prompt-template variation,pending_manual_check,Which act has had more Christmas number one singles than any other?,Please answer the following prompt: - Prompt: Which act has had more Christmas number one singles than any other?
factual_qa_378,factual_qa,mandarjoshi/trivia_qa,378,context_injection,fixed_neutral_sentence_bank,"Reference 1 PromptRobust: irrelevant sentence insertion, softened",pending_manual_check,Which act has had more Christmas number one singles than any other?,This item appears in a broader collection of benchmark prompts. Which act has had more Christmas number one singles than any other?
factual_qa_378,factual_qa,mandarjoshi/trivia_qa,378,surface_noise,rule_based_posix_spelling_error,Reference 3 POSIX: insertion/omission/transposition/substitution,pending_manual_check,Which act has had more Christmas number one singles than any other?,Which act has had more Chirstmas number one singles than any other?
factual_qa_642,factual_qa,mandarjoshi/trivia_qa,642,paraphrasing,llm_assisted_posix_paraphrase,Reference 3 POSIX: GPT-3.5-Turbo paraphrase generation,pending_manual_check,Who played Aunty Entity' in the film 'Mad Max Beyond the Thunderdome'?,"In the movie 'Mad Max Beyond the Thunderdome,' which actress portrayed the character 'Aunty Entity'?"
factual_qa_642,factual_qa,mandarjoshi/trivia_qa,642,reordering,rule_based_prompt_component_reordering,Reference 5 Haase et al.: information-order variation,pending_manual_check,Who played Aunty Entity' in the film 'Mad Max Beyond the Thunderdome'?,"In the film 'Mad Max Beyond the Thunderdome', who played 'Aunty Entity'?"
factual_qa_642,factual_qa,mandarjoshi/trivia_qa,642,formatting_changes,rule_based_template_transformation,Reference 3 POSIX: prompt-template variation,pending_manual_check,Who played Aunty Entity' in the film 'Mad Max Beyond the Thunderdome'?,Please answer the following prompt: - Prompt: Who played Aunty Entity' in the film 'Mad Max Beyond the Thunderdome'?
factual_qa_642,factual_qa,mandarjoshi/trivia_qa,642,context_injection,fixed_neutral_sentence_bank,"Reference 1 PromptRobust: irrelevant sentence insertion, softened",pending_manual_check,Who played Aunty Entity' in the film 'Mad Max Beyond the Thunderdome'?,This prompt is part of a general language-model evaluation. Who played Aunty Entity' in the film 'Mad Max Beyond the Thunderdome'?
factual_qa_642,factual_qa,mandarjoshi/trivia_qa,642,surface_noise,rule_based_posix_spelling_error,Reference 3 POSIX: insertion/omission/transposition/substitution,pending_manual_check,Who played Aunty Entity' in the film 'Mad Max Beyond the Thunderdome'?,Who played Aunty Entity' in the film 'Mad Max Beond the Thunderdome'?
factual_qa_9317,factual_qa,mandarjoshi/trivia_qa,9317,paraphrasing,llm_assisted_posix_paraphrase,Reference 3 POSIX: GPT-3.5-Turbo paraphrase generation,pending_manual_check,Which part of the human body contains the most gold?,"In the human body, where is the highest concentration of gold found?"
factual_qa_9317,factual_qa,mandarjoshi/trivia_qa,9317,reordering,rule_based_prompt_component_reordering,Reference 5 Haase et al.: information-order variation,pending_manual_check,Which part of the human body contains the most gold?,"Within the human body, the most gold is contained in which part?"
factual_qa_9317,factual_qa,mandarjoshi/trivia_qa,9317,formatting_changes,rule_based_template_transformation,Reference 3 POSIX: prompt-template variation,pending_manual_check,Which part of the human body contains the most gold?,Please answer the following prompt: - Prompt: Which part of the human body contains the most gold?
factual_qa_9317,factual_qa,mandarjoshi/trivia_qa,9317,context_injection,fixed_neutral_sentence_bank,"Reference 1 PromptRobust: irrelevant sentence insertion, softened",pending_manual_check,Which part of the human body contains the most gold?,This item appears in a broader collection of benchmark prompts. Which part of the human body contains the most gold?
factual_qa_9317,factual_qa,mandarjoshi/trivia_qa,9317,surface_noise,rule_based_posix_spelling_error,Reference 3 POSIX: insertion/omission/transposition/substitution,pending_manual_check,Which part of the human body contains the most gold?,Which part of the human body contains the most golmd?
factual_qa_12706,factual_qa,mandarjoshi/trivia_qa,12706,paraphrasing,llm_assisted_posix_paraphrase,Reference 3 POSIX: GPT-3.5-Turbo paraphrase generation,pending_manual_check,Mrs Maria Fitzherbert was the wife of which British monarch?,Who was the spouse of the British monarch known as Mrs Maria Fitzherbert?
factual_qa_12706,factual_qa,mandarjoshi/trivia_qa,12706,reordering,rule_based_prompt_component_reordering,Reference 5 Haase et al.: information-order variation,pending_manual_check,Mrs Maria Fitzherbert was the wife of which British monarch?,Which British monarch was Mrs Maria Fitzherbert the wife of?
factual_qa_12706,factual_qa,mandarjoshi/trivia_qa,12706,formatting_changes,rule_based_template_transformation,Reference 3 POSIX: prompt-template variation,pending_manual_check,Mrs Maria Fitzherbert was the wife of which British monarch?,Please answer the following prompt: - Prompt: Mrs Maria Fitzherbert was the wife of which British monarch?
factual_qa_12706,factual_qa,mandarjoshi/trivia_qa,12706,context_injection,fixed_neutral_sentence_bank,"Reference 1 PromptRobust: irrelevant sentence insertion, softened",pending_manual_check,Mrs Maria Fitzherbert was the wife of which British monarch?,The following request is provided for a routine model-response comparison. Mrs Maria Fitzherbert was the wife of which British monarch?
factual_qa_12706,factual_qa,mandarjoshi/trivia_qa,12706,surface_noise,rule_based_posix_spelling_error,Reference 3 POSIX: insertion/omission/transposition/substitution,pending_manual_check,Mrs Maria Fitzherbert was the wife of which British monarch?,Mrs Mraia Fitzherbert was the wife of which British monarch?
factual_qa_12920,factual_qa,mandarjoshi/trivia_qa,12920,paraphrasing,llm_assisted_posix_paraphrase,Reference 3 POSIX: GPT-3.5-Turbo paraphrase generation,pending_manual_check,"""The X-Files spawned two theatrical movies, """"The X-Files"""" and """"I Want To Believe"""", and which spin-off TV series?""","Which spin-off television series were produced as a result of ""The X-Files"" franchise, in addition to the two theatrical movies ""The X-Files"" and ""I Want To Believe""?"
factual_qa_12920,factual_qa,mandarjoshi/trivia_qa,12920,reordering,rule_based_prompt_component_reordering,Reference 5 Haase et al.: information-order variation,pending_manual_check,"""The X-Files spawned two theatrical movies, """"The X-Files"""" and """"I Want To Believe"""", and which spin-off TV series?""","Along with the theatrical movies ""The X-Files"" and ""I Want To Believe"", which spin-off TV series was spawned by ""The X-Files""?"
factual_qa_12920,factual_qa,mandarjoshi/trivia_qa,12920,formatting_changes,rule_based_template_transformation,Reference 3 POSIX: prompt-template variation,pending_manual_check,"""The X-Files spawned two theatrical movies, """"The X-Files"""" and """"I Want To Believe"""", and which spin-off TV series?""","Please answer the following prompt: - Prompt: ""The X-Files spawned two theatrical movies, """"The X-Files"""" and """"I Want To Believe"""", and which spin-off TV series?"""
factual_qa_12920,factual_qa,mandarjoshi/trivia_qa,12920,context_injection,fixed_neutral_sentence_bank,"Reference 1 PromptRobust: irrelevant sentence insertion, softened",pending_manual_check,"""The X-Files spawned two theatrical movies, """"The X-Files"""" and """"I Want To Believe"""", and which spin-off TV series?""","This prompt is part of a general language-model evaluation. ""The X-Files spawned two theatrical movies, """"The X-Files"""" and """"I Want To Believe"""", and which spin-off TV series?"""
factual_qa_12920,factual_qa,mandarjoshi/trivia_qa,12920,surface_noise,rule_based_posix_spelling_error,Reference 3 POSIX: insertion/omission/transposition/substitution,pending_manual_check,"""The X-Files spawned two theatrical movies, """"The X-Files"""" and """"I Want To Believe"""", and which spin-off TV series?""","""The X-Files spawned two theatrical movies, """"The X-Files"""" and """"I Want To Believe"""", and which bspin-off TV series?"""
math_reasoning_400,math_reasoning,openai/gsm8k,400,paraphrasing,llm_assisted_posix_paraphrase,Reference 3 POSIX: GPT-3.5-Turbo paraphrase generation,pending_manual_check,"Karen is packing her backpack for a long-distance hike. She packs 20 pounds of water, 10 pounds of food, and 20 pounds of gear. During her hike, she drinks 2 pounds of water per hour and eats 1/3rd the weight of food per hour as water per hour. How much weight is she carrying after six hours?","Karen is preparing her backpack for a lengthy hike. She includes 20 pounds of water, 10 pounds of food, and 20 pounds of gear. During the hike, she consumes 2 pounds of water every hour and eats 1/3 of the weight of water in food per hour. What is the total weight of her backpack after six hours?"
math_reasoning_400,math_reasoning,openai/gsm8k,400,reordering,rule_based_prompt_component_reordering,Reference 5 Haase et al.: information-order variation,pending_manual_check,"Karen is packing her backpack for a long-distance hike. She packs 20 pounds of water, 10 pounds of food, and 20 pounds of gear. During her hike, she drinks 2 pounds of water per hour and eats 1/3rd the weight of food per hour as water per hour. How much weight is she carrying after six hours?","How much weight is she carrying after six hours? Karen is packing her backpack for a long-distance hike. She packs 20 pounds of water, 10 pounds of food, and 20 pounds of gear. During her hike, she drinks 2 pounds of water per hour and eats 1/3rd the weight of food per hour as water per hour."
math_reasoning_400,math_reasoning,openai/gsm8k,400,formatting_changes,rule_based_template_transformation,Reference 3 POSIX: prompt-template variation,pending_manual_check,"Karen is packing her backpack for a long-distance hike. She packs 20 pounds of water, 10 pounds of food, and 20 pounds of gear. During her hike, she drinks 2 pounds of water per hour and eats 1/3rd the weight of food per hour as water per hour. How much weight is she carrying after six hours?","Please answer the following prompt: - Prompt: Karen is packing her backpack for a long-distance hike. She packs 20 pounds of water, 10 pounds of food, and 20 pounds of gear. During her hike, she drinks 2 pounds of water per hour and eats 1/3rd the weight of food per hour as water per hour. How much weight is she carrying after six hours?"
math_reasoning_400,math_reasoning,openai/gsm8k,400,context_injection,fixed_neutral_sentence_bank,"Reference 1 PromptRobust: irrelevant sentence insertion, softened",pending_manual_check,"Karen is packing her backpack for a long-distance hike. She packs 20 pounds of water, 10 pounds of food, and 20 pounds of gear. During her hike, she drinks 2 pounds of water per hour and eats 1/3rd the weight of food per hour as water per hour. How much weight is she carrying after six hours?","This item appears in a broader collection of benchmark prompts. Karen is packing her backpack for a long-distance hike. She packs 20 pounds of water, 10 pounds of food, and 20 pounds of gear. During her hike, she drinks 2 pounds of water per hour and eats 1/3rd the weight of food per hour as water per hour. How much weight is she carrying after six hours?"
math_reasoning_400,math_reasoning,openai/gsm8k,400,surface_noise,rule_based_posix_spelling_error,Reference 3 POSIX: insertion/omission/transposition/substitution,pending_manual_check,"Karen is packing her backpack for a long-distance hike. She packs 20 pounds of water, 10 pounds of food, and 20 pounds of gear. During her hike, she drinks 2 pounds of water per hour and eats 1/3rd the weight of food per hour as water per hour. How much weight is she carrying after six hours?","Karen is packing her backpack for a logn-distance hike. She packs 20 pounds of water, 10 pounds of food, and 20 pounds of gear. During her hike, she drinks 2 pounds of water per hour and eats 1/3rd the weight of food per hour as water per hour. How much weight is she carrying after six hours?"
math_reasoning_4082,math_reasoning,openai/gsm8k,4082,paraphrasing,llm_assisted_posix_paraphrase,Reference 3 POSIX: GPT-3.5-Turbo paraphrase generation,pending_manual_check,"Tom and his friends were filling up water balloons. Tom filled up 3 times as many water balloons as Luke. Luke filled up one fourth as many balloons as Anthony. If Anthony filled up 44 water balloons, how many did Tom fill up?","If Anthony filled up 44 water balloons, and Luke filled up one fourth as many balloons as Anthony, and Tom filled up 3 times as many water balloons as Luke, how many water balloons did Tom fill up?"
math_reasoning_4082,math_reasoning,openai/gsm8k,4082,reordering,rule_based_prompt_component_reordering,Reference 5 Haase et al.: information-order variation,pending_manual_check,"Tom and his friends were filling up water balloons. Tom filled up 3 times as many water balloons as Luke. Luke filled up one fourth as many balloons as Anthony. If Anthony filled up 44 water balloons, how many did Tom fill up?","If Anthony filled up 44 water balloons, how many did Tom fill up? Tom and his friends were filling up water balloons. Tom filled up 3 times as many water balloons as Luke. Luke filled up one fourth as many balloons as Anthony."
math_reasoning_4082,math_reasoning,openai/gsm8k,4082,formatting_changes,rule_based_template_transformation,Reference 3 POSIX: prompt-template variation,pending_manual_check,"Tom and his friends were filling up water balloons. Tom filled up 3 times as many water balloons as Luke. Luke filled up one fourth as many balloons as Anthony. If Anthony filled up 44 water balloons, how many did Tom fill up?","Please answer the following prompt: - Prompt: Tom and his friends were filling up water balloons. Tom filled up 3 times as many water balloons as Luke. Luke filled up one fourth as many balloons as Anthony. If Anthony filled up 44 water balloons, how many did Tom fill up?"
math_reasoning_4082,math_reasoning,openai/gsm8k,4082,context_injection,fixed_neutral_sentence_bank,"Reference 1 PromptRobust: irrelevant sentence insertion, softened",pending_manual_check,"Tom and his friends were filling up water balloons. Tom filled up 3 times as many water balloons as Luke. Luke filled up one fourth as many balloons as Anthony. If Anthony filled up 44 water balloons, how many did Tom fill up?","The wording below is being used in a controlled prompt study. Tom and his friends were filling up water balloons. Tom filled up 3 times as many water balloons as Luke. Luke filled up one fourth as many balloons as Anthony. If Anthony filled up 44 water balloons, how many did Tom fill up?"
math_reasoning_4082,math_reasoning,openai/gsm8k,4082,surface_noise,rule_based_posix_spelling_error,Reference 3 POSIX: insertion/omission/transposition/substitution,pending_manual_check,"Tom and his friends were filling up water balloons. Tom filled up 3 times as many water balloons as Luke. Luke filled up one fourth as many balloons as Anthony. If Anthony filled up 44 water balloons, how many did Tom fill up?","Tom and his friends were filling up water balloons. Tom filled up 3 times as many water balloons as Luke. Luke filled up one fourth as many balloons as Anhony. If Anthony filled up 44 water balloons, how many did Tom fill up?"
math_reasoning_5521,math_reasoning,openai/gsm8k,5521,paraphrasing,llm_assisted_posix_paraphrase,Reference 3 POSIX: GPT-3.5-Turbo paraphrase generation,pending_manual_check,"It takes 1 hour for refrigerated dough to come to room temperature. It takes 15 minutes to shape the dough and 2 hours to proof. The bread takes 30 minutes to bake and 15 minutes to cool. If the bakery opens at 6:00 am, what is the latest time the head baker can make it to the store to start working?","What is the latest time the head baker can arrive at the store to begin working if the bakery opens at 6:00 am, considering that refrigerated dough needs 1 hour to come to room temperature, 15 minutes to shape, 2 hours to proof, 30 minutes to bake, and 15 minutes to cool?"
math_reasoning_5521,math_reasoning,openai/gsm8k,5521,reordering,rule_based_prompt_component_reordering,Reference 5 Haase et al.: information-order variation,pending_manual_check,"It takes 1 hour for refrigerated dough to come to room temperature. It takes 15 minutes to shape the dough and 2 hours to proof. The bread takes 30 minutes to bake and 15 minutes to cool. If the bakery opens at 6:00 am, what is the latest time the head baker can make it to the store to start working?","If the bakery opens at 6:00 am, what is the latest time the head baker can make it to the store to start working? It takes 1 hour for refrigerated dough to come to room temperature. It takes 15 minutes to shape the dough and 2 hours to proof. The bread takes 30 minutes to bake and 15 minutes to cool."
math_reasoning_5521,math_reasoning,openai/gsm8k,5521,formatting_changes,rule_based_template_transformation,Reference 3 POSIX: prompt-template variation,pending_manual_check,"It takes 1 hour for refrigerated dough to come to room temperature. It takes 15 minutes to shape the dough and 2 hours to proof. The bread takes 30 minutes to bake and 15 minutes to cool. If the bakery opens at 6:00 am, what is the latest time the head baker can make it to the store to start working?","Please answer the following prompt: - Prompt: It takes 1 hour for refrigerated dough to come to room temperature. It takes 15 minutes to shape the dough and 2 hours to proof. The bread takes 30 minutes to bake and 15 minutes to cool. If the bakery opens at 6:00 am, what is the latest time the head baker can make it to the store to start working?"
math_reasoning_5521,math_reasoning,openai/gsm8k,5521,context_injection,fixed_neutral_sentence_bank,"Reference 1 PromptRobust: irrelevant sentence insertion, softened",pending_manual_check,"It takes 1 hour for refrigerated dough to come to room temperature. It takes 15 minutes to shape the dough and 2 hours to proof. The bread takes 30 minutes to bake and 15 minutes to cool. If the bakery opens at 6:00 am, what is the latest time the head baker can make it to the store to start working?","This prompt is part of a general language-model evaluation. It takes 1 hour for refrigerated dough to come to room temperature. It takes 15 minutes to shape the dough and 2 hours to proof. The bread takes 30 minutes to bake and 15 minutes to cool. If the bakery opens at 6:00 am, what is the latest time the head baker can make it to the store to start working?"
math_reasoning_5521,math_reasoning,openai/gsm8k,5521,surface_noise,rule_based_posix_spelling_error,Reference 3 POSIX: insertion/omission/transposition/substitution,pending_manual_check,"It takes 1 hour for refrigerated dough to come to room temperature. It takes 15 minutes to shape the dough and 2 hours to proof. The bread takes 30 minutes to bake and 15 minutes to cool. If the bakery opens at 6:00 am, what is the latest time the head baker can make it to the store to start working?","It takes 1 hour for refrigerated dough to come to room temperature. It takes 15 ninutes to shape the dough and 2 hours to proof. The bread takes 30 minutes to bake and 15 minutes to cool. If the bakery opens at 6:00 am, what is the latest time the head baker can make it to the store to start working?"
math_reasoning_5663,math_reasoning,openai/gsm8k,5663,paraphrasing,llm_assisted_posix_paraphrase,Reference 3 POSIX: GPT-3.5-Turbo paraphrase generation,pending_manual_check,The rate for mowing a lawn is $14 per hour. David mowed for 2 hours a day for a week. He then spent half of the money he made from mowing a lawn on a pair of shoes and gave half of the remaining money to his mom. How much money did he have left?,"What is the amount of money David had left after mowing his lawn for 2 hours a day at a rate of $14 per hour for a week, spending half of his earnings on shoes, and giving half of the remaining money to his mom?"
math_reasoning_5663,math_reasoning,openai/gsm8k,5663,reordering,rule_based_prompt_component_reordering,Reference 5 Haase et al.: information-order variation,pending_manual_check,The rate for mowing a lawn is $14 per hour. David mowed for 2 hours a day for a week. He then spent half of the money he made from mowing a lawn on a pair of shoes and gave half of the remaining money to his mom. How much money did he have left?,How much money did he have left? The rate for mowing a lawn is $14 per hour. David mowed for 2 hours a day for a week. He then spent half of the money he made from mowing a lawn on a pair of shoes and gave half of the remaining money to his mom.
math_reasoning_5663,math_reasoning,openai/gsm8k,5663,formatting_changes,rule_based_template_transformation,Reference 3 POSIX: prompt-template variation,pending_manual_check,The rate for mowing a lawn is $14 per hour. David mowed for 2 hours a day for a week. He then spent half of the money he made from mowing a lawn on a pair of shoes and gave half of the remaining money to his mom. How much money did he have left?,Please answer the following prompt: - Prompt: The rate for mowing a lawn is $14 per hour. David mowed for 2 hours a day for a week. He then spent half of the money he made from mowing a lawn on a pair of shoes and gave half of the remaining money to his mom. How much money did he have left?
math_reasoning_5663,math_reasoning,openai/gsm8k,5663,context_injection,fixed_neutral_sentence_bank,"Reference 1 PromptRobust: irrelevant sentence insertion, softened",pending_manual_check,The rate for mowing a lawn is $14 per hour. David mowed for 2 hours a day for a week. He then spent half of the money he made from mowing a lawn on a pair of shoes and gave half of the remaining money to his mom. How much money did he have left?,This item appears in a broader collection of benchmark prompts. The rate for mowing a lawn is $14 per hour. David mowed for 2 hours a day for a week. He then spent half of the money he made from mowing a lawn on a pair of shoes and gave half of the remaining money to his mom. How much money did he have left?
math_reasoning_5663,math_reasoning,openai/gsm8k,5663,surface_noise,rule_based_posix_spelling_error,Reference 3 POSIX: insertion/omission/transposition/substitution,pending_manual_check,The rate for mowing a lawn is $14 per hour. David mowed for 2 hours a day for a week. He then spent half of the money he made from mowing a lawn on a pair of shoes and gave half of the remaining money to his mom. How much money did he have left?,The rate for mowing a lawn is $14 per hour. David mowed for 2 hours a day for a week. He then spent half of the money he made from mowing a lawn on a pair of shoes and gave half of the remaining money to his mom. How much money did he have lfet?
math_reasoning_7207,math_reasoning,openai/gsm8k,7207,paraphrasing,llm_assisted_posix_paraphrase,Reference 3 POSIX: GPT-3.5-Turbo paraphrase generation,pending_manual_check,"If the first skyscraper was built 100 years ago, how many years in the future will it be 5 years before its 200th anniversary of being built?","If a skyscraper was constructed a century ago, how many years from now will it be five years prior to its 200th anniversary of construction?"
math_reasoning_7207,math_reasoning,openai/gsm8k,7207,reordering,rule_based_prompt_component_reordering,Reference 5 Haase et al.: information-order variation,pending_manual_check,"If the first skyscraper was built 100 years ago, how many years in the future will it be 5 years before its 200th anniversary of being built?","How many years in the future will it be 5 years before the 200th anniversary of the first skyscraper, if that skyscraper was built 100 years ago?"
math_reasoning_7207,math_reasoning,openai/gsm8k,7207,formatting_changes,rule_based_template_transformation,Reference 3 POSIX: prompt-template variation,pending_manual_check,"If the first skyscraper was built 100 years ago, how many years in the future will it be 5 years before its 200th anniversary of being built?","Please answer the following prompt: - Prompt: If the first skyscraper was built 100 years ago, how many years in the future will it be 5 years before its 200th anniversary of being built?"
math_reasoning_7207,math_reasoning,openai/gsm8k,7207,context_injection,fixed_neutral_sentence_bank,"Reference 1 PromptRobust: irrelevant sentence insertion, softened",pending_manual_check,"If the first skyscraper was built 100 years ago, how many years in the future will it be 5 years before its 200th anniversary of being built?","The following request is provided for a routine model-response comparison. If the first skyscraper was built 100 years ago, how many years in the future will it be 5 years before its 200th anniversary of being built?"
math_reasoning_7207,math_reasoning,openai/gsm8k,7207,surface_noise,rule_based_posix_spelling_error,Reference 3 POSIX: insertion/omission/transposition/substitution,pending_manual_check,"If the first skyscraper was built 100 years ago, how many years in the future will it be 5 years before its 200th anniversary of being built?","If the first skyscraper was built 100 years ago, how many years in the future will it be 5 years before its 200th anniersary of being built?"
code_generation_35,code_generation,bigcode/humanevalpack,35,paraphrasing,llm_assisted_posix_paraphrase,Reference 3 POSIX: GPT-3.5-Turbo paraphrase generation,pending_manual_check,"Write a Python function `max_element(l: list)` to solve the following problem: Return maximum element in the list. >>> max_element([1, 2, 3]) 3 >>> max_element([5, 3, -5, 2, -3, 3, 9, 0, 123, 1, -10]) 123","Create a Python function `max_element(l: list)` that finds the maximum element in a given list. For example: `max_element([1, 2, 3])` should return `3`, and `max_element([5, 3, -5, 2, -3, 3, 9, 0, 123, 1, -10])` should return `123`."
code_generation_35,code_generation,bigcode/humanevalpack,35,reordering,rule_based_prompt_component_reordering,Reference 5 Haase et al.: information-order variation,pending_manual_check,"Write a Python function `max_element(l: list)` to solve the following problem: Return maximum element in the list. >>> max_element([1, 2, 3]) 3 >>> max_element([5, 3, -5, 2, -3, 3, 9, 0, 123, 1, -10]) 123",">>> max_element([1, 2, 3]) 3 >>> max_element([5, 3, -5, 2, -3, 3, 9, 0, 123, 1, -10]) 123 Write a Python function `max_element(l: list)` to solve the following problem: Return maximum element in the list."
code_generation_35,code_generation,bigcode/humanevalpack,35,formatting_changes,rule_based_template_transformation,Reference 3 POSIX: prompt-template variation,pending_manual_check,"Write a Python function `max_element(l: list)` to solve the following problem: Return maximum element in the list. >>> max_element([1, 2, 3]) 3 >>> max_element([5, 3, -5, 2, -3, 3, 9, 0, 123, 1, -10]) 123","Please answer the following prompt: - Prompt: Write a Python function `max_element(l: list)` to solve the following problem: Return maximum element in the list. >>> max_element([1, 2, 3]) 3 >>> max_element([5, 3, -5, 2, -3, 3, 9, 0, 123, 1, -10]) 123"
code_generation_35,code_generation,bigcode/humanevalpack,35,context_injection,fixed_neutral_sentence_bank,"Reference 1 PromptRobust: irrelevant sentence insertion, softened",pending_manual_check,"Write a Python function `max_element(l: list)` to solve the following problem: Return maximum element in the list. >>> max_element([1, 2, 3]) 3 >>> max_element([5, 3, -5, 2, -3, 3, 9, 0, 123, 1, -10]) 123","This item appears in a broader collection of benchmark prompts. Write a Python function `max_element(l: list)` to solve the following problem: Return maximum element in the list. >>> max_element([1, 2, 3]) 3 >>> max_element([5, 3, -5, 2, -3, 3, 9, 0, 123, 1, -10]) 123"
code_generation_35,code_generation,bigcode/humanevalpack,35,surface_noise,rule_based_posix_spelling_error,Reference 3 POSIX: insertion/omission/transposition/substitution,pending_manual_check,"Write a Python function `max_element(l: list)` to solve the following problem: Return maximum element in the list. >>> max_element([1, 2, 3]) 3 >>> max_element([5, 3, -5, 2, -3, 3, 9, 0, 123, 1, -10]) 123","Write a Python function `max_element(l: list)` to solve the following problem: Retur maximum element in the list. >>> max_element([1, 2, 3]) 3 >>> max_element([5, 3, -5, 2, -3, 3, 9, 0, 123, 1, -10]) 123"
code_generation_62,code_generation,bigcode/humanevalpack,62,paraphrasing,llm_assisted_posix_paraphrase,Reference 3 POSIX: GPT-3.5-Turbo paraphrase generation,pending_manual_check,"Write a Python function `derivative(xs: list)` to solve the following problem: xs represent coefficients of a polynomial. xs[0] + xs[1] * x + xs[2] * x^2 + .... Return derivative of this polynomial in the same form. >>> derivative([3, 1, 2, 4, 5]) [1, 4, 12, 20] >>> derivative([1, 2, 3]) [2, 6]","Create a Python function named `derivative(xs: list)` that computes the derivative of a polynomial using the coefficients provided in the list xs. The function should return the derivative of the polynomial in the same format. For example: `derivative([3, 1, 2, 4, 5])` should return `[1, 4, 12, 20]`, and `derivative([1, 2, 3])` should return `[2, 6]`."
code_generation_62,code_generation,bigcode/humanevalpack,62,reordering,rule_based_prompt_component_reordering,Reference 5 Haase et al.: information-order variation,pending_manual_check,"Write a Python function `derivative(xs: list)` to solve the following problem: xs represent coefficients of a polynomial. xs[0] + xs[1] * x + xs[2] * x^2 + .... Return derivative of this polynomial in the same form. >>> derivative([3, 1, 2, 4, 5]) [1, 4, 12, 20] >>> derivative([1, 2, 3]) [2, 6]",">>> derivative([3, 1, 2, 4, 5]) [1, 4, 12, 20] >>> derivative([1, 2, 3]) [2, 6] Write a Python function `derivative(xs: list)` to solve the following problem: xs represent coefficients of a polynomial. xs[0] + xs[1] * x + xs[2] * x^2 + .... Return derivative of this polynomial in the same form."
code_generation_62,code_generation,bigcode/humanevalpack,62,formatting_changes,rule_based_template_transformation,Reference 3 POSIX: prompt-template variation,pending_manual_check,"Write a Python function `derivative(xs: list)` to solve the following problem: xs represent coefficients of a polynomial. xs[0] + xs[1] * x + xs[2] * x^2 + .... Return derivative of this polynomial in the same form. >>> derivative([3, 1, 2, 4, 5]) [1, 4, 12, 20] >>> derivative([1, 2, 3]) [2, 6]","Please answer the following prompt: - Prompt: Write a Python function `derivative(xs: list)` to solve the following problem: xs represent coefficients of a polynomial. xs[0] + xs[1] * x + xs[2] * x^2 + .... Return derivative of this polynomial in the same form. >>> derivative([3, 1, 2, 4, 5]) [1, 4, 12, 20] >>> derivative([1, 2, 3]) [2, 6]"
code_generation_62,code_generation,bigcode/humanevalpack,62,context_injection,fixed_neutral_sentence_bank,"Reference 1 PromptRobust: irrelevant sentence insertion, softened",pending_manual_check,"Write a Python function `derivative(xs: list)` to solve the following problem: xs represent coefficients of a polynomial. xs[0] + xs[1] * x + xs[2] * x^2 + .... Return derivative of this polynomial in the same form. >>> derivative([3, 1, 2, 4, 5]) [1, 4, 12, 20] >>> derivative([1, 2, 3]) [2, 6]","The wording below is being used in a controlled prompt study. Write a Python function `derivative(xs: list)` to solve the following problem: xs represent coefficients of a polynomial. xs[0] + xs[1] * x + xs[2] * x^2 + .... Return derivative of this polynomial in the same form. >>> derivative([3, 1, 2, 4, 5]) [1, 4, 12, 20] >>> derivative([1, 2, 3]) [2, 6]"
code_generation_62,code_generation,bigcode/humanevalpack,62,surface_noise,rule_based_posix_spelling_error,Reference 3 POSIX: insertion/omission/transposition/substitution,pending_manual_check,"Write a Python function `derivative(xs: list)` to solve the following problem: xs represent coefficients of a polynomial. xs[0] + xs[1] * x + xs[2] * x^2 + .... Return derivative of this polynomial in the same form. >>> derivative([3, 1, 2, 4, 5]) [1, 4, 12, 20] >>> derivative([1, 2, 3]) [2, 6]","Write a Python function `deivative(xs: list)` to solve the following problem: xs represent coefficients of a polynomial. xs[0] + xs[1] * x + xs[2] * x^2 + .... Return derivative of this polynomial in the same form. >>> derivative([3, 1, 2, 4, 5]) [1, 4, 12, 20] >>> derivative([1, 2, 3]) [2, 6]"
code_generation_70,code_generation,bigcode/humanevalpack,70,paraphrasing,llm_assisted_posix_paraphrase,Reference 3 POSIX: GPT-3.5-Turbo paraphrase generation,pending_manual_check,"Write a Python function `strange_sort_list(lst)` to solve the following problem: Given list of integers, return list in strange order. Strange sorting, is when you start with the minimum value, then maximum of the remaining integers, then minimum and so on. Examples: strange_sort_list([1, 2, 3, 4]) == [1, 4, 2, 3] strange_sort_list([5, 5, 5, 5]) == [5, 5, 5, 5] strange_sort_list([]) == []","Create a Python function `strange_sort_list(lst)` that arranges a list of integers in a specific order. This strange sorting starts with the minimum value, then alternates between selecting the maximum and minimum values from the remaining integers. The function should return the sorted list. For example, `strange_sort_list([1, 2, 3, 4])` should return `[1, 4, 2, 3]`, `strange_sort_list([5, 5, 5, 5])` should return `[5, 5, 5, 5]`, and `strange_sort_list([])` should return an empty list."
code_generation_70,code_generation,bigcode/humanevalpack,70,reordering,rule_based_prompt_component_reordering,Reference 5 Haase et al.: information-order variation,pending_manual_check,"Write a Python function `strange_sort_list(lst)` to solve the following problem: Given list of integers, return list in strange order. Strange sorting, is when you start with the minimum value, then maximum of the remaining integers, then minimum and so on. Examples: strange_sort_list([1, 2, 3, 4]) == [1, 4, 2, 3] strange_sort_list([5, 5, 5, 5]) == [5, 5, 5, 5] strange_sort_list([]) == []","Examples: strange_sort_list([1, 2, 3, 4]) == [1, 4, 2, 3] strange_sort_list([5, 5, 5, 5]) == [5, 5, 5, 5] strange_sort_list([]) == [] Write a Python function `strange_sort_list(lst)` to solve the following problem: Given list of integers, return list in strange order. Strange sorting, is when you start with the minimum value, then maximum of the remaining integers, then minimum and so on."
code_generation_70,code_generation,bigcode/humanevalpack,70,formatting_changes,rule_based_template_transformation,Reference 3 POSIX: prompt-template variation,pending_manual_check,"Write a Python function `strange_sort_list(lst)` to solve the following problem: Given list of integers, return list in strange order. Strange sorting, is when you start with the minimum value, then maximum of the remaining integers, then minimum and so on. Examples: strange_sort_list([1, 2, 3, 4]) == [1, 4, 2, 3] strange_sort_list([5, 5, 5, 5]) == [5, 5, 5, 5] strange_sort_list([]) == []","Please answer the following prompt: - Prompt: Write a Python function `strange_sort_list(lst)` to solve the following problem: Given list of integers, return list in strange order. Strange sorting, is when you start with the minimum value, then maximum of the remaining integers, then minimum and so on. Examples: strange_sort_list([1, 2, 3, 4]) == [1, 4, 2, 3] strange_sort_list([5, 5, 5, 5]) == [5, 5, 5, 5] strange_sort_list([]) == []"
code_generation_70,code_generation,bigcode/humanevalpack,70,context_injection,fixed_neutral_sentence_bank,"Reference 1 PromptRobust: irrelevant sentence insertion, softened",pending_manual_check,"Write a Python function `strange_sort_list(lst)` to solve the following problem: Given list of integers, return list in strange order. Strange sorting, is when you start with the minimum value, then maximum of the remaining integers, then minimum and so on. Examples: strange_sort_list([1, 2, 3, 4]) == [1, 4, 2, 3] strange_sort_list([5, 5, 5, 5]) == [5, 5, 5, 5] strange_sort_list([]) == []","The following request is provided for a routine model-response comparison. Write a Python function `strange_sort_list(lst)` to solve the following problem: Given list of integers, return list in strange order. Strange sorting, is when you start with the minimum value, then maximum of the remaining integers, then minimum and so on. Examples: strange_sort_list([1, 2, 3, 4]) == [1, 4, 2, 3] strange_sort_list([5, 5, 5, 5]) == [5, 5, 5, 5] strange_sort_list([]) == []"
code_generation_70,code_generation,bigcode/humanevalpack,70,surface_noise,rule_based_posix_spelling_error,Reference 3 POSIX: insertion/omission/transposition/substitution,pending_manual_check,"Write a Python function `strange_sort_list(lst)` to solve the following problem: Given list of integers, return list in strange order. Strange sorting, is when you start with the minimum value, then maximum of the remaining integers, then minimum and so on. Examples: strange_sort_list([1, 2, 3, 4]) == [1, 4, 2, 3] strange_sort_list([5, 5, 5, 5]) == [5, 5, 5, 5] strange_sort_list([]) == []","Write a Python function `strange_sort_list(lst)` to solve the following problem: Given list of integers, return list in strange order. Strange sorting, is when you start with the minimum value, then maximum of the remaininh integers, then minimum and so on. Examples: strange_sort_list([1, 2, 3, 4]) == [1, 4, 2, 3] strange_sort_list([5, 5, 5, 5]) == [5, 5, 5, 5] strange_sort_list([]) == []"
code_generation_73,code_generation,bigcode/humanevalpack,73,paraphrasing,llm_assisted_posix_paraphrase,Reference 3 POSIX: GPT-3.5-Turbo paraphrase generation,pending_manual_check,"Write a Python function `smallest_change(arr)` to solve the following problem: Given an array arr of integers, find the minimum number of elements that need to be changed to make the array palindromic. A palindromic array is an array that is read the same backwards and forwards. In one change, you can change one element to any other element. For example: smallest_change([1,2,3,5,4,7,9,6]) == 4 smallest_change([1, 2, 3, 4, 3, 2, 2]) == 1 smallest_change([1, 2, 3, 2, 1]) == 0","Create a Python function `smallest_change(arr)` that aims to determine the minimum number of changes required to transform an array `arr` of integers into a palindrome. A palindrome array reads the same forwards and backwards. Each change allows you to modify one element to any other element. For instance: `smallest_change([1,2,3,5,4,7,9,6]) == 4`, `smallest_change([1, 2, 3, 4, 3, 2, 2]) == 1`, and `smallest_change([1, 2, 3, 2, 1]) == 0`."
code_generation_73,code_generation,bigcode/humanevalpack,73,reordering,rule_based_prompt_component_reordering,Reference 5 Haase et al.: information-order variation,pending_manual_check,"Write a Python function `smallest_change(arr)` to solve the following problem: Given an array arr of integers, find the minimum number of elements that need to be changed to make the array palindromic. A palindromic array is an array that is read the same backwards and forwards. In one change, you can change one element to any other element. For example: smallest_change([1,2,3,5,4,7,9,6]) == 4 smallest_change([1, 2, 3, 4, 3, 2, 2]) == 1 smallest_change([1, 2, 3, 2, 1]) == 0","For example: smallest_change([1,2,3,5,4,7,9,6]) == 4 smallest_change([1, 2, 3, 4, 3, 2, 2]) == 1 smallest_change([1, 2, 3, 2, 1]) == 0 Write a Python function `smallest_change(arr)` to solve the following problem: Given an array arr of integers, find the minimum number of elements that need to be changed to make the array palindromic. A palindromic array is an array that is read the same backwards and forwards. In one change, you can change one element to any other element."
code_generation_73,code_generation,bigcode/humanevalpack,73,formatting_changes,rule_based_template_transformation,Reference 3 POSIX: prompt-template variation,pending_manual_check,"Write a Python function `smallest_change(arr)` to solve the following problem: Given an array arr of integers, find the minimum number of elements that need to be changed to make the array palindromic. A palindromic array is an array that is read the same backwards and forwards. In one change, you can change one element to any other element. For example: smallest_change([1,2,3,5,4,7,9,6]) == 4 smallest_change([1, 2, 3, 4, 3, 2, 2]) == 1 smallest_change([1, 2, 3, 2, 1]) == 0","Please answer the following prompt: - Prompt: Write a Python function `smallest_change(arr)` to solve the following problem: Given an array arr of integers, find the minimum number of elements that need to be changed to make the array palindromic. A palindromic array is an array that is read the same backwards and forwards. In one change, you can change one element to any other element. For example: smallest_change([1,2,3,5,4,7,9,6]) == 4 smallest_change([1, 2, 3, 4, 3, 2, 2]) == 1 smallest_change([1, 2, 3, 2, 1]) == 0"
code_generation_73,code_generation,bigcode/humanevalpack,73,context_injection,fixed_neutral_sentence_bank,"Reference 1 PromptRobust: irrelevant sentence insertion, softened",pending_manual_check,"Write a Python function `smallest_change(arr)` to solve the following problem: Given an array arr of integers, find the minimum number of elements that need to be changed to make the array palindromic. A palindromic array is an array that is read the same backwards and forwards. In one change, you can change one element to any other element. For example: smallest_change([1,2,3,5,4,7,9,6]) == 4 smallest_change([1, 2, 3, 4, 3, 2, 2]) == 1 smallest_change([1, 2, 3, 2, 1]) == 0","This prompt is part of a general language-model evaluation. Write a Python function `smallest_change(arr)` to solve the following problem: Given an array arr of integers, find the minimum number of elements that need to be changed to make the array palindromic. A palindromic array is an array that is read the same backwards and forwards. In one change, you can change one element to any other element. For example: smallest_change([1,2,3,5,4,7,9,6]) == 4 smallest_change([1, 2, 3, 4, 3, 2, 2]) == 1 smallest_change([1, 2, 3, 2, 1]) == 0"
code_generation_73,code_generation,bigcode/humanevalpack,73,surface_noise,rule_based_posix_spelling_error,Reference 3 POSIX: insertion/omission/transposition/substitution,pending_manual_check,"Write a Python function `smallest_change(arr)` to solve the following problem: Given an array arr of integers, find the minimum number of elements that need to be changed to make the array palindromic. A palindromic array is an array that is read the same backwards and forwards. In one change, you can change one element to any other element. For example: smallest_change([1,2,3,5,4,7,9,6]) == 4 smallest_change([1, 2, 3, 4, 3, 2, 2]) == 1 smallest_change([1, 2, 3, 2, 1]) == 0","Write a Python function `smallest_change(arr)` to solve the following problem: Given an array arr of integers, find the minimum number of elemnts that need to be changed to make the array palindromic. A palindromic array is an array that is read the same backwards and forwards. In one change, you can change one element to any other element. For example: smallest_change([1,2,3,5,4,7,9,6]) == 4 smallest_change([1, 2, 3, 4, 3, 2, 2]) == 1 smallest_change([1, 2, 3, 2, 1]) == 0"
code_generation_135,code_generation,bigcode/humanevalpack,135,paraphrasing,llm_assisted_posix_paraphrase,Reference 3 POSIX: GPT-3.5-Turbo paraphrase generation,pending_manual_check,"Write a Python function `can_arrange(arr)` to solve the following problem: Create a function which returns the largest index of an element which is not greater than or equal to the element immediately preceding it. If no such element exists then return -1. The given array will not contain duplicate values. Examples: can_arrange([1,2,4,3,5]) = 3 can_arrange([1,2,3]) = -1","Create a Python function `can_arrange(arr)` to address this task: Develop a function that identifies the highest index of an element that is not greater than the element directly before it in a given array. If no such element is found, return -1. The array provided will not have duplicate values. For instance, `can_arrange([1,2,4,3,5])` should return 3 and `can_arrange([1,2,3])` should return -1."
code_generation_135,code_generation,bigcode/humanevalpack,135,reordering,rule_based_prompt_component_reordering,Reference 5 Haase et al.: information-order variation,pending_manual_check,"Write a Python function `can_arrange(arr)` to solve the following problem: Create a function which returns the largest index of an element which is not greater than or equal to the element immediately preceding it. If no such element exists then return -1. The given array will not contain duplicate values. Examples: can_arrange([1,2,4,3,5]) = 3 can_arrange([1,2,3]) = -1","Examples: can_arrange([1,2,4,3,5]) = 3 can_arrange([1,2,3]) = -1 Write a Python function `can_arrange(arr)` to solve the following problem: Create a function which returns the largest index of an element which is not greater than or equal to the element immediately preceding it. If no such element exists then return -1. The given array will not contain duplicate values."
code_generation_135,code_generation,bigcode/humanevalpack,135,formatting_changes,rule_based_template_transformation,Reference 3 POSIX: prompt-template variation,pending_manual_check,"Write a Python function `can_arrange(arr)` to solve the following problem: Create a function which returns the largest index of an element which is not greater than or equal to the element immediately preceding it. If no such element exists then return -1. The given array will not contain duplicate values. Examples: can_arrange([1,2,4,3,5]) = 3 can_arrange([1,2,3]) = -1","Please answer the following prompt: - Prompt: Write a Python function `can_arrange(arr)` to solve the following problem: Create a function which returns the largest index of an element which is not greater than or equal to the element immediately preceding it. If no such element exists then return -1. The given array will not contain duplicate values. Examples: can_arrange([1,2,4,3,5]) = 3 can_arrange([1,2,3]) = -1"
code_generation_135,code_generation,bigcode/humanevalpack,135,context_injection,fixed_neutral_sentence_bank,"Reference 1 PromptRobust: irrelevant sentence insertion, softened",pending_manual_check,"Write a Python function `can_arrange(arr)` to solve the following problem: Create a function which returns the largest index of an element which is not greater than or equal to the element immediately preceding it. If no such element exists then return -1. The given array will not contain duplicate values. Examples: can_arrange([1,2,4,3,5]) = 3 can_arrange([1,2,3]) = -1","The following request is provided for a routine model-response comparison. Write a Python function `can_arrange(arr)` to solve the following problem: Create a function which returns the largest index of an element which is not greater than or equal to the element immediately preceding it. If no such element exists then return -1. The given array will not contain duplicate values. Examples: can_arrange([1,2,4,3,5]) = 3 can_arrange([1,2,3]) = -1"
code_generation_135,code_generation,bigcode/humanevalpack,135,surface_noise,rule_based_posix_spelling_error,Reference 3 POSIX: insertion/omission/transposition/substitution,pending_manual_check,"Write a Python function `can_arrange(arr)` to solve the following problem: Create a function which returns the largest index of an element which is not greater than or equal to the element immediately preceding it. If no such element exists then return -1. The given array will not contain duplicate values. Examples: can_arrange([1,2,4,3,5]) = 3 can_arrange([1,2,3]) = -1","Write a Python function `can_arrange(arr)` to solve the following problem: Create a function which returns the largest index of an element which is not greater than or equal to the element immediately prveceding it. If no such element exists then return -1. The given array will not contain duplicate values. Examples: can_arrange([1,2,4,3,5]) = 3 can_arrange([1,2,3]) = -1"
open_ended_writing_13494,open_ended_writing,tatsu-lab/alpaca,13494,paraphrasing,llm_assisted_posix_paraphrase,Reference 3 POSIX: GPT-3.5-Turbo paraphrase generation,pending_manual_check,"In a few sentences, describe the importance of sleep.",Explain the significance of sleep in a brief paragraph.
open_ended_writing_13494,open_ended_writing,tatsu-lab/alpaca,13494,reordering,rule_based_prompt_component_reordering,Reference 5 Haase et al.: information-order variation,pending_manual_check,"In a few sentences, describe the importance of sleep.","Describe, in a few sentences, the importance of sleep."
open_ended_writing_13494,open_ended_writing,tatsu-lab/alpaca,13494,formatting_changes,rule_based_template_transformation,Reference 3 POSIX: prompt-template variation,pending_manual_check,"In a few sentences, describe the importance of sleep.","Please answer the following prompt: - Prompt: In a few sentences, describe the importance of sleep."
open_ended_writing_13494,open_ended_writing,tatsu-lab/alpaca,13494,context_injection,fixed_neutral_sentence_bank,"Reference 1 PromptRobust: irrelevant sentence insertion, softened",pending_manual_check,"In a few sentences, describe the importance of sleep.","The following request is provided for a routine model-response comparison. In a few sentences, describe the importance of sleep."
open_ended_writing_13494,open_ended_writing,tatsu-lab/alpaca,13494,surface_noise,rule_based_posix_spelling_error,Reference 3 POSIX: insertion/omission/transposition/substitution,pending_manual_check,"In a few sentences, describe the importance of sleep.","In a few sentences, descrbe the importance of sleep."
open_ended_writing_16116,open_ended_writing,tatsu-lab/alpaca,16116,paraphrasing,llm_assisted_posix_paraphrase,Reference 3 POSIX: GPT-3.5-Turbo paraphrase generation,pending_manual_check,Generate a story involving the main character being chased by a villain. Input: A young woman named Sarah.,"Create a narrative where the protagonist, a young woman named Sarah, is pursued by an antagonist. Input: Sarah."
open_ended_writing_16116,open_ended_writing,tatsu-lab/alpaca,16116,reordering,rule_based_prompt_component_reordering,Reference 5 Haase et al.: information-order variation,pending_manual_check,Generate a story involving the main character being chased by a villain. Input: A young woman named Sarah.,Input: A young woman named Sarah. Generate a story involving the main character being chased by a villain.
open_ended_writing_16116,open_ended_writing,tatsu-lab/alpaca,16116,formatting_changes,rule_based_template_transformation,Reference 3 POSIX: prompt-template variation,pending_manual_check,Generate a story involving the main character being chased by a villain. Input: A young woman named Sarah.,Please answer the following prompt: - Prompt: Generate a story involving the main character being chased by a villain. Input: A young woman named Sarah.
open_ended_writing_16116,open_ended_writing,tatsu-lab/alpaca,16116,context_injection,fixed_neutral_sentence_bank,"Reference 1 PromptRobust: irrelevant sentence insertion, softened",pending_manual_check,Generate a story involving the main character being chased by a villain. Input: A young woman named Sarah.,The wording below is being used in a controlled prompt study. Generate a story involving the main character being chased by a villain. Input: A young woman named Sarah.
open_ended_writing_16116,open_ended_writing,tatsu-lab/alpaca,16116,surface_noise,rule_based_posix_spelling_error,Reference 3 POSIX: insertion/omission/transposition/substitution,pending_manual_check,Generate a story involving the main character being chased by a villain. Input: A young woman named Sarah.,Generate a story involving the main character being chased by a villain. Input: A young woman named Sarsh.
open_ended_writing_30103,open_ended_writing,tatsu-lab/alpaca,30103,paraphrasing,llm_assisted_posix_paraphrase,Reference 3 POSIX: GPT-3.5-Turbo paraphrase generation,pending_manual_check,Name three furniture items that would be suitable for a bedroom.,List three pieces of furniture that are appropriate for a bedroom.
open_ended_writing_30103,open_ended_writing,tatsu-lab/alpaca,30103,reordering,rule_based_prompt_component_reordering,Reference 5 Haase et al.: information-order variation,pending_manual_check,Name three furniture items that would be suitable for a bedroom.,"For a bedroom, name three furniture items that would be suitable."
open_ended_writing_30103,open_ended_writing,tatsu-lab/alpaca,30103,formatting_changes,rule_based_template_transformation,Reference 3 POSIX: prompt-template variation,pending_manual_check,Name three furniture items that would be suitable for a bedroom.,Please answer the following prompt: - Prompt: Name three furniture items that would be suitable for a bedroom.
open_ended_writing_30103,open_ended_writing,tatsu-lab/alpaca,30103,context_injection,fixed_neutral_sentence_bank,"Reference 1 PromptRobust: irrelevant sentence insertion, softened",pending_manual_check,Name three furniture items that would be suitable for a bedroom.,The following request is provided for a routine model-response comparison. Name three furniture items that would be suitable for a bedroom.
open_ended_writing_30103,open_ended_writing,tatsu-lab/alpaca,30103,surface_noise,rule_based_posix_spelling_error,Reference 3 POSIX: insertion/omission/transposition/substitution,pending_manual_check,Name three furniture items that would be suitable for a bedroom.,Name three furniture items that woulid be suitable for a bedroom.
open_ended_writing_42203,open_ended_writing,tatsu-lab/alpaca,42203,paraphrasing,llm_assisted_posix_paraphrase,Reference 3 POSIX: GPT-3.5-Turbo paraphrase generation,pending_manual_check,"What are the implications of the following passage for public policy? Input: Recent research shows that over half of all households struggle to make ends meet. Many people cannot afford basic goods and services, such as food and housing.","Examine the public policy implications of the passage below. Given: Recent studies indicate that more than 50% of households face challenges in meeting their financial needs, with a significant portion unable to cover essential expenses like food and housing."
open_ended_writing_42203,open_ended_writing,tatsu-lab/alpaca,42203,reordering,rule_based_prompt_component_reordering,Reference 5 Haase et al.: information-order variation,pending_manual_check,"What are the implications of the following passage for public policy? Input: Recent research shows that over half of all households struggle to make ends meet. Many people cannot afford basic goods and services, such as food and housing.","Many people cannot afford basic goods and services, such as food and housing. What are the implications of the following passage for public policy? Input: Recent research shows that over half of all households struggle to make ends meet."
open_ended_writing_42203,open_ended_writing,tatsu-lab/alpaca,42203,formatting_changes,rule_based_template_transformation,Reference 3 POSIX: prompt-template variation,pending_manual_check,"What are the implications of the following passage for public policy? Input: Recent research shows that over half of all households struggle to make ends meet. Many people cannot afford basic goods and services, such as food and housing.","Please answer the following prompt: - Prompt: What are the implications of the following passage for public policy? Input: Recent research shows that over half of all households struggle to make ends meet. Many people cannot afford basic goods and services, such as food and housing."
open_ended_writing_42203,open_ended_writing,tatsu-lab/alpaca,42203,context_injection,fixed_neutral_sentence_bank,"Reference 1 PromptRobust: irrelevant sentence insertion, softened",pending_manual_check,"What are the implications of the following passage for public policy? Input: Recent research shows that over half of all households struggle to make ends meet. Many people cannot afford basic goods and services, such as food and housing.","This prompt is part of a general language-model evaluation. What are the implications of the following passage for public policy? Input: Recent research shows that over half of all households struggle to make ends meet. Many people cannot afford basic goods and services, such as food and housing."
open_ended_writing_42203,open_ended_writing,tatsu-lab/alpaca,42203,surface_noise,rule_based_posix_spelling_error,Reference 3 POSIX: insertion/omission/transposition/substitution,pending_manual_check,"What are the implications of the following passage for public policy? Input: Recent research shows that over half of all households struggle to make ends meet. Many people cannot afford basic goods and services, such as food and housing.","What are the implications of the following passage for public policy? Input: Recent research shows that over half of all households struggle to make ends meet. Many people cannot afford basic goods and dservices, such as food and housing."
open_ended_writing_50996,open_ended_writing,tatsu-lab/alpaca,50996,paraphrasing,llm_assisted_posix_paraphrase,Reference 3 POSIX: GPT-3.5-Turbo paraphrase generation,pending_manual_check,Provide a list of words that described this product. Input: Chocolate,"List words that describe the product based on the input ""Chocolate."""
open_ended_writing_50996,open_ended_writing,tatsu-lab/alpaca,50996,reordering,rule_based_prompt_component_reordering,Reference 5 Haase et al.: information-order variation,pending_manual_check,Provide a list of words that described this product. Input: Chocolate,Input: Chocolate Provide a list of words that described this product.
open_ended_writing_50996,open_ended_writing,tatsu-lab/alpaca,50996,formatting_changes,rule_based_template_transformation,Reference 3 POSIX: prompt-template variation,pending_manual_check,Provide a list of words that described this product. Input: Chocolate,Please answer the following prompt: - Prompt: Provide a list of words that described this product. Input: Chocolate
open_ended_writing_50996,open_ended_writing,tatsu-lab/alpaca,50996,context_injection,fixed_neutral_sentence_bank,"Reference 1 PromptRobust: irrelevant sentence insertion, softened",pending_manual_check,Provide a list of words that described this product. Input: Chocolate,The following request is provided for a routine model-response comparison. Provide a list of words that described this product. Input: Chocolate
open_ended_writing_50996,open_ended_writing,tatsu-lab/alpaca,50996,surface_noise,rule_based_posix_spelling_error,Reference 3 POSIX: insertion/omission/transposition/substitution,pending_manual_check,Provide a list of words that described this product. Input: Chocolate,Prvide a list of words that described this product. Input: Chocolate
